CVEGEO,2000,2005,2010,2015,2020
01001,643419,723043,797010,898485,948990
01002,37763,40547,45492,47664,51536
01003,51291,50183,54136,57270,58250
01004,12619,13687,15042,15966,17000
01005,64097,82623,99590,123308,129929
01006,34296,38912,41862,47444,47646
01007,41655,45471,49156,55123,57369
01008,7244,7631,8443,9110,9552
01009,16508,17372,19668,21427,22485
01010,15327,17115,18828,20675,20853
01011,20066,28832,35769,48177,61997
02001,370730,413481,466814,416718,443807
02002,764602,855962,936826,971472,1049792
02003,77795,91034,101079,104763,108440
02004,1210820,1410687,1559683,1689417,1922523
02005,63420,73305,90668,100227,126890
02006,70915,77292,88975,104074,117568
02007,15071,16245,18371,19491,20391
03001,63864,63830,70816,73969,73021
03002,45989,52743,59114,61541,64022
03003,196907,219596,251871,279041,292241
03008,105469,164162,238487,296634,351111
03009,11812,11839,16738,19220,18052
04001,46899,49850,52890,42070,59232
04002,216897,238850,259005,288131,294077
04003,172076,199988,221094,252597,248845
04004,70554,76116,83021,77587,78170
04005,24889,26973,28306,31808,31917
04006,31214,34687,37777,40912,42140
04007,8401,8290,8352,9109,8683
04008,8400,9050,9736,10895,11452
04009,50563,50106,54184,59638,59923
04010,23115,23814,26882,29100,31714
04011,37681,37006,41194,44811,46913
04012,12737,13338,14141,14814,15297
04013,12694,13912,14637,15603,16818
05001,1126,991,1070,1033,1022
05002,110487,126238,136755,151265,163058
05003,20943,20153,22675,23074,23056
05004,19374,19622,22544,24016,29578
05005,1677,1672,1808,1749,1643
05006,22530,23871,25892,28621,29128
05007,12154,12220,13013,13728,12715
05008,2784,2778,2901,3129,3047
05009,46452,51528,55676,59415,59035
05010,66579,70160,75215,82486,82409
05011,11316,11284,11682,12648,11898
05012,2050,1877,2091,1726,1643
05013,1441,1516,1852,1604,1735
05014,9724,9768,9935,10375,9502
05015,1610,1393,1599,1599,1584
05016,1781,1708,1835,1801,1764
05017,92029,99707,107160,111393,118337
05018,193744,200160,216206,235538,237951
05019,7263,7221,8207,8703,7928
05020,62773,62710,66834,70455,71627
05021,5946,5822,6335,6726,6539
05022,23019,25856,27928,31372,33129
05023,12053,10183,10991,11741,9642
05024,43339,44715,45401,45560,44472
05025,128130,143915,152806,167191,176327
05026,3608,3379,3473,3360,3239
05027,39853,56708,75461,96001,122243
05028,52379,53042,60847,64708,64811
05029,2006,2063,2314,2409,2471
05030,578046,648929,725123,825799,879958
05031,20046,19620,22149,24068,24759
05032,40138,40115,41649,43925,42260
05033,88343,93677,102650,107671,101041
05034,6023,5245,6375,7094,6744
05035,529512,577477,639629,693559,720848
05036,18969,19328,21319,21848,20305
05037,6159,6138,6289,6452,6188
05038,12664,12411,12702,13478,13135
06001,28574,24939,28695,29963,27626
06002,129958,132273,146904,153511,157048
06003,19384,19495,20888,21904,21661
06004,18756,17363,19385,20568,20837
06005,26771,25576,27107,30754,31267
06006,5478,4759,5300,5624,5623
06007,125143,137842,161420,187943,191031
06008,8466,7478,8174,9201,10231
06009,99289,98150,112726,124777,116305
06010,80808,100121,119956,139766,149762
07001,14189,14653,16814,18598,17994
07002,24754,26003,28947,20644,21187
07003,25154,24165,27580,29101,26899
07004,21948,24725,29865,34009,36160
07005,18778,19637,21275,20187,24512
07006,26094,25346,29547,31672,31735
07007,6559,8506,8728,10273,11283
07008,21848,28883,26628,29184,31947
07009,37989,38572,40042,41327,41135
07010,6673,6612,7623,7702,7365
07011,18205,17553,19281,20720,20157
07012,28719,33842,43179,53917,64632
07013,22722,26446,30642,36131,37263
07014,14993,14932,18559,23353,24273
07015,39033,40975,43811,47159,50112
07016,15709,15876,17140,17587,17619
07017,64013,73668,78114,87099,88106
07018,7217,7681,8444,9515,9900
07019,105210,121263,141013,158603,166178
07020,39770,40189,44082,47944,49920
07021,19298,20257,21050,22449,22192
07022,12256,13295,14027,17560,21915
07023,59005,67085,76941,90666,101967
07024,7568,9050,10817,12620,13678
07025,6965,7124,7332,7852,7472
07026,27331,31788,36111,41213,47371
07027,60620,73552,87603,102776,112075
07028,5242,4957,5405,6085,6156
07029,4345,5112,5018,5163,5402
07030,24994,28260,31515,35861,36785
07031,77686,95907,111554,132132,137262
07032,28064,27364,30068,32675,30896
07033,5236,6454,7000,7630,7245
07034,52168,57580,67012,75975,80897
07035,10917,10902,12665,14841,14556
07036,5969,6723,7272,7294,7701
07037,31464,30450,33444,36099,36333
07038,18630,19018,21507,24262,22975
07039,20041,20087,22536,24097,27893
07040,48476,47953,51359,55824,53242
07041,32245,36951,41266,46264,46409
07042,8877,8734,10239,11668,11377
07043,9143,9696,10176,11092,10961
07044,18533,21705,24517,28085,28999
07045,4707,4911,5478,5590,6284
07046,34937,35831,37818,40347,41063
07047,13076,15005,18683,22320,24966
07048,19956,20173,21084,21867,21807
07049,16538,17320,20349,24972,31259
07050,5288,5286,4974,5072,5232
07051,39055,37945,43913,49197,46130
07052,87034,98374,111484,127386,141027
07053,7180,6845,7793,7998,7901
07054,24079,24017,26573,30014,28250
07055,4794,4806,5033,5915,5876
07056,7602,9042,11157,12353,13755
07057,59875,58115,69119,75265,76398
07058,3135,3935,4317,4415,4765
07059,146696,170280,198877,226117,234661
07060,9271,10543,11878,12955,14088
07061,65673,72426,82059,92271,97397
07062,17026,16392,17067,18362,18469
07063,3132,3440,3792,3807,3983
07064,37887,41423,43350,49901,54932
07065,85464,97991,110918,123991,132265
07066,16262,19228,20589,22890,26391
07067,8566,9785,10870,12491,12266
07068,29357,29583,29813,32050,31919
07069,46949,46439,50079,54913,51193
07070,11641,12831,13201,14407,12263
07071,26706,26414,27899,29872,30297
07072,24405,27832,31075,27433,29636
07073,6870,7965,9002,10153,10866
07074,34809,34896,40711,46385,44829
07075,21100,24969,25530,29109,28829
07076,21156,23675,25187,27862,29889
07077,49300,53547,57253,65314,64251
07078,132421,166460,185917,215984,215874
07079,26436,29543,33060,40485,41793
07080,32457,35871,38143,21127,25937
07081,31615,32451,40297,46050,52935
07082,7987,10246,12269,14336,15518
07083,15171,15885,17125,19105,19092
07084,7784,7900,8065,8348,8561
07085,7767,8852,9740,11026,10890
07086,15890,18406,21045,24833,25627
07087,30251,32976,35056,40079,41672
07088,1936,2088,2235,2351,2308
07089,271674,282420,320451,358488,353706
07090,3639,3928,4121,3989,4547
07091,10349,9934,12170,13246,13592
07092,38383,37543,41045,21206,21426
07093,33161,37826,40268,45110,48162
07094,26996,32368,37607,44777,49499
07096,58153,63172,71432,80125,83505
07097,78438,78516,84594,91903,91913
07098,5513,5839,6375,7486,7211
07099,59686,60417,72769,79488,83111
07100,26866,28884,31723,35508,38025
07101,434143,503320,553374,616225,604147
07102,33467,34101,37737,42974,41024
07103,23180,24417,28137,32577,30302
07104,11925,12757,14009,15828,16560
07105,13934,13459,14089,15826,16008
07106,52833,56833,61341,66020,67292
07107,68685,67814,74477,62981,65643
07108,85957,93023,98618,108422,109536
07109,26044,31457,34028,39066,40285
07110,5673,5918,6734,7431,7526
07111,29754,31061,36489,42539,45373
07112,20688,24906,29016,36012,37948
07113,3635,4906,5072,7004,8480
07114,14436,15213,17282,20968,23603
07115,10526,10906,11451,13414,14714
07116,8580,8538,9856,11855,12892
07117,5086,6511,6900,7943,8412
07118,3423,3145,4545,5362,6047
07119,2174,2854,3245,3857,4959
07120,2271,3096,3575,3963,4315
07121,5434,6555,7586,4688,8718
07122,14341,14789,15688,18113,15587
07123,8443,8743,10009,14191,10783
07124,19910,20671,21824,24600,23847
07125,9079,10388,11130,11483,11650
08001,11901,11727,11457,12882,14635
08002,19378,19879,22302,25216,26047
08003,8561,8263,8409,8865,8487
08004,5327,6212,10688,16180,24344
08005,21939,22392,23975,25417,26093
08006,6403,5843,6011,6232,5807
08007,16770,16235,17672,17061,16440
08008,12545,13298,14362,11464,11270
08009,27907,29907,28766,28039,23351
08010,20056,20533,22378,23892,25146
08011,45852,47209,48748,52237,49499
08012,7760,8377,8795,9280,8113
08013,10004,8413,10587,11629,11815
08014,2205,2046,2284,2126,2034
08015,1708,1453,1681,1676,1230
08016,3777,3453,3982,3918,3704
08017,124378,134785,154639,171773,180638
08018,5784,4835,5414,4690,5099
08019,671790,758791,819543,895016,937674
08020,6768,7471,8441,7534,6222
08021,116426,127211,137935,150460,150506
08022,3853,2608,2911,2531,2456
08023,3876,3774,5892,6151,6656
08024,4759,3820,3937,4141,3791
08025,8867,7583,8624,8913,7023
08026,3875,3092,3209,2505,2448
08027,40615,45881,49689,46514,50180
08028,10032,9148,6458,5287,4237
08029,48355,51854,53499,56636,50514
08030,8066,8010,8998,7587,8196
08031,39109,37249,39626,39434,35473
08032,100821,103519,107061,111609,116662
08033,1169,1036,1049,961,824
08034,7832,6631,6934,6891,5196
08035,10214,8211,10953,11145,11005
08036,38323,40467,41265,43396,40859
08037,1218817,1313338,1332131,1419551,1512450
08038,5165,4507,4953,4549,4980
08039,4080,3914,4025,4075,4122
08040,34056,32031,29611,29415,25144
08041,1795,2116,1921,1599,1302
08042,1746,1600,1601,1414,1178
08043,3221,3169,3104,2991,2742
08044,4429,4304,4499,4437,4314
08045,40018,41389,43833,45445,44853
08046,9482,7172,8343,7884,7266
08047,5219,5144,5312,5173,4447
08048,23643,20314,22880,23580,22712
08049,2946,2810,2849,2624,2757
08050,54390,54411,59337,64519,65753
08051,7276,6298,7546,7719,8127
08052,24307,21157,26304,28244,24534
08053,8905,8514,4799,5546,5111
08054,10020,7811,8012,8071,7695
08055,14969,15935,16785,17145,16776
08056,2575,2082,2235,2050,2079
08057,2331,2243,2290,2175,2197
08058,2843,2669,2983,2516,2696
08059,6054,4838,4753,5152,5004
08060,11597,10120,10427,10935,11582
08061,4962,3856,3662,3224,3414
08062,30644,28508,32325,31594,29862
08063,6989,6319,6211,6453,5320
08064,2177,1818,1869,1709,1448
08065,17655,19566,20386,21008,17043
08066,8282,7934,8200,6211,6512
08067,5309,4341,5105,5249,4775
09002,441008,425298,414711,411750,432205
09003,640423,628063,620416,623607,614447
09004,151222,173625,186391,205135,217686
09005,1235542,1193161,1185772,1193266,1173351
09006,411321,395025,384326,400680,404695
09007,1773343,1820888,1815786,1872672,1835486
09008,222050,228927,239086,250030,247622
09009,96773,115895,130582,142131,152685
09010,687020,706567,727034,768732,759137
09011,302790,344106,360265,372167,392313
09012,581781,607545,650567,694898,699928
09013,369787,404458,415007,427584,442178
09014,360478,355017,385439,428549,434153
09015,516255,521348,531831,546274,545884
09016,352640,353534,372889,376141,414470
09017,462806,447459,430978,438611,443704
10001,31291,29354,31401,33370,31454
10002,4298,4091,4122,4741,4321
10003,4554,4309,4530,4451,4084
10004,32805,31616,33664,36038,34955
10005,491436,526659,582267,668948,688697
10006,10644,9569,10629,10294,10038
10007,273315,304515,327985,350373,372750
10008,32011,32058,34052,36110,36695
10009,10794,10224,10149,10029,9869
10010,4619,4208,4265,3907,3843
10011,6011,4824,5280,5012,4748
10012,112435,129191,141043,156724,163313
10013,22367,22940,25137,27016,26932
10014,27512,30069,33396,40521,48583
10015,12467,12166,12411,13196,12894
10016,18039,17318,18488,20022,19060
10017,10156,9222,9626,9641,8003
10018,12247,10501,11320,11638,10384
10019,5093,4543,5208,5454,4924
10020,12853,11886,11927,12540,12656
10021,10490,9891,10473,11135,11118
10022,24331,23466,24918,25728,25623
10023,45217,47104,49162,51395,51269
10024,12497,11231,12788,13756,12818
10025,4147,3726,3433,3241,2837
10026,21907,19303,19691,19607,17333
10027,6548,5858,5947,5647,5251
10028,12290,10634,11855,12934,12013
10029,2070,2013,2181,2125,2103
10030,1876,1486,1709,1515,1633
10031,6969,6457,7003,7196,6727
10032,43517,41539,44966,49419,49207
10033,7331,6928,6761,6489,6917
10034,27144,25888,26368,27181,26300
10035,12937,11605,10745,11282,11378
10036,19918,19882,22244,23208,21143
10037,8727,7984,8581,9522,9320
10038,19813,20614,21117,22359,23476
10039,25985,24245,26092,27824,27981
11001,79093,77094,84332,92814,92040
11002,110718,101762,109030,114085,108697
11003,134880,139297,160383,175349,174615
11004,56817,57942,64433,69463,63392
11005,68738,73863,85319,95765,117883
11006,5198,5035,5610,5236,5296
11007,382958,415869,468469,505457,521169
11008,38309,34313,37145,39722,41240
11009,67642,70189,77794,84144,82216
11010,10347,10972,11691,12238,11083
11011,81359,83175,88397,97929,97928
11012,25610,23960,27308,29012,30857
11013,19943,21304,23324,24865,27390
11014,128994,134641,148173,155694,163038
11015,141196,153364,171709,188414,194500
11016,19693,18456,20117,22025,21128
11017,440134,463103,529440,586571,592953
11018,31803,31780,36584,39181,38782
11019,55311,46137,50832,50029,49517
11020,1134842,1278087,1436480,1617470,1721215
11021,47132,46751,49364,51159,47261
11022,20984,20579,22683,24147,26383
11023,144426,138157,149936,153750,154960
11024,10398,9750,11169,12138,12403
11025,44778,55910,68795,81581,83842
11026,51825,50580,56655,61379,65766
11027,226654,233623,260732,278570,273417
11028,94558,92411,97054,101939,94126
11029,34088,34401,37103,40517,41054
11030,95359,95896,106952,115691,119793
11031,100239,103217,113570,122485,130871
11032,54661,59217,72411,80931,89558
11033,96729,101370,115656,123812,128536
11034,4533,4544,5120,5387,5723
11035,65479,70323,79214,84629,82340
11036,7151,6389,6670,6952,6714
11037,134337,147123,173024,194061,203556
11038,11583,10252,11641,12431,11304
11039,37418,33014,35571,35025,35905
11040,14515,16136,18175,19391,20007
11041,52931,53077,59305,63902,61494
11042,130821,127945,141058,145876,150054
11043,17764,19112,19820,20620,21253
11044,45941,49653,55782,60369,65791
11045,11323,10592,11560,11830,11143
11046,73820,63447,70782,71052,68741
12001,722499,717766,789971,828751,779566
12002,19388,23026,25027,27414,25205
12003,41266,37475,38203,39048,37655
12004,15828,16237,18971,19960,21225
12005,6062,5848,6637,6885,7813
12006,13146,12381,12389,11431,11112
12007,32818,31401,32181,32287,33267
12008,8504,7648,8390,8971,9147
12009,5080,5143,5706,5630,5811
12010,21407,23371,26341,27964,28491
12011,61736,58452,61316,61888,60680
12012,55350,55974,62690,60485,69123
12013,32400,13448,14429,15251,15099
12014,15448,14444,15019,15698,15442
12015,12619,12148,12688,13594,12982
12016,15372,13291,13025,13023,12408
12017,15666,13884,14707,13909,15579
12018,13060,11896,13636,14666,14463
12019,12730,13747,14456,15277,15598
12020,15753,17337,18855,20776,21648
12021,69059,69064,73460,77984,73056
12022,46172,41975,42069,39936,38554
12023,25641,23537,25922,20633,26627
12024,6575,6816,7007,7852,7874
12025,15156,14554,15115,16852,17024
12026,9869,8876,9166,8753,8272
12027,26166,20730,21388,20280,20537
12028,102853,105146,120790,132687,123722
12029,192947,214219,241717,280457,283354
12030,19061,18713,20175,21457,22250
12031,7687,6394,6301,5952,6278
12032,35625,34554,36586,38260,37254
12033,14291,13806,14393,15794,17488
12034,35668,35055,37364,37979,36593
12035,123960,128444,140363,155554,154173
12036,10192,10312,10815,11688,11739
12037,7119,6104,6603,6329,6138
12038,95548,104609,118211,127982,126001
12039,21994,22805,24364,25578,26093
12040,22906,22982,24720,27000,26357
12041,34925,26613,29599,19161,29625
12042,13801,15272,17702,18987,18613
12043,30039,17398,18976,19901,18859
12044,10133,10709,11376,13044,12402
12045,22645,22437,24723,26281,28446
12046,50356,55283,61306,69342,68207
12047,7852,6987,6978,7061,7076
12048,46328,44485,44979,45372,44583
12049,10851,11035,11558,13213,12753
12050,34740,36466,37035,38479,38482
12051,32541,33367,34728,36828,36143
12052,36813,41884,42360,44906,46270
12053,48782,44959,48501,41036,50124
12054,28986,27033,28009,28297,24139
12055,100245,98854,104053,110922,105586
12056,43128,42619,44079,47922,46063
12057,60313,57848,62071,66214,65237
12058,53950,51659,53769,58576,53817
12059,30838,28989,30470,32331,30806
12060,13318,12702,13128,14953,13552
12061,33620,37300,40058,43739,43171
12062,15696,18055,21306,23334,22781
12063,9195,8733,9967,10011,10092
12064,12942,11286,11495,12670,11681
12065,6699,6534,7096,7604,7602
12066,57346,65763,81419,90618,96125
12067,22677,20989,21819,22549,22209
12068,27619,25230,25712,27087,26349
12069,11687,12615,12240,12027,11966
12070,7863,7005,7079,7417,7862
12071,22781,25180,28089,29620,29891
12072,10271,9601,10516,11544,12004
12073,23563,20053,18813,18642,18031
12074,17361,19718,22587,23236,21977
12075,40064,40328,46158,52696,53126
12076,25060,28525,32792,37571,40197
12077,11315,11801,12912,14102,14280
12078,14881,15572,18778,19073,21241
12079,12587,14424,15678,18138,18381
12080,7182,6240,7166,7764,7559
12081,9701,10039,10522,11430,11679
12082,9615,8789,9217,9675,10133
12083,11439,10040,10461,10910,11369
12084,6284,6585,7295,7278,7254
12085,7771,5651,7469,7264,7141
13001,18619,17914,20077,21560,22268
13002,36978,34892,40583,44841,46065
13003,46010,48518,54299,57897,61002
13004,8515,8443,8994,9382,10313
13005,14507,16111,17055,18742,18872
13006,17018,16859,18879,20695,19162
13007,10290,10638,11294,12683,12546
13008,39513,39247,42563,45647,46681
13009,14223,15037,17374,19268,19836
13010,21636,24749,26904,30423,31525
13011,18029,18769,19452,20318,19812
13012,25423,23823,26940,28172,30135
13013,24848,26500,31078,40525,62470
13014,16381,15815,16962,17462,16150
13015,16943,15876,18427,18801,19431
13016,45110,45527,54500,59666,60421
13017,11257,11389,12271,14034,12967
13018,20362,20577,22402,24405,22903
13019,15069,15284,17436,18596,18909
13020,3044,2417,2800,2721,2593
13021,12281,12309,13357,15160,15175
13022,11054,11522,13830,15099,16285
13023,28492,29466,33901,36661,36248
13024,15308,15201,17182,18102,17607
13025,23339,22521,22621,21663,20673
13026,11130,11863,12779,14207,12766
13027,25098,22927,23563,26340,22846
13028,108239,115786,122905,132486,126781
13029,38044,39734,44253,47030,47425
13030,75833,73903,86363,95794,98654
13031,12895,12057,12804,13614,12290
13032,10100,10265,10933,11987,10523
13033,3207,2820,3193,3160,2895
13034,9867,9541,9843,9661,9474
13035,10200,9278,11429,12122,13078
13036,8803,8558,9364,9637,9449
13037,20599,20123,21623,20589,20962
13038,7013,6714,7980,9210,8878
13039,12885,11944,13864,14937,14324
13040,11051,10096,10452,10337,9819
13041,35065,37747,42834,47267,47222
13042,10769,10385,11209,11829,11578
13043,6838,6202,6614,7125,6265
13044,14762,15099,15666,17264,16948
13045,8022,7529,8963,9822,9295
13046,37685,38472,39181,39754,38492
13047,5583,4522,5049,5224,4748
13048,245208,275578,267862,285384,314331
13049,16530,17214,18244,17827,18723
13050,19041,19672,22217,23957,23641
13051,42223,68704,127404,156136,202749
13052,24248,27118,32057,37011,38891
13053,18650,17837,18137,19314,17699
13054,28980,28637,32773,36374,36796
13055,13582,14066,16014,17469,18329
13056,26254,29246,33495,38218,39561
13057,13269,13143,14851,16507,15142
13058,16648,15429,16865,16816,17441
13059,30970,31609,35067,38496,38010
13060,17175,15793,17206,19088,17503
13061,49539,49850,51664,55641,56245
13062,25880,27240,29125,31435,31235
13063,67858,69755,80612,89485,90546
13064,8498,8893,9940,11156,10830
13065,8935,9697,11112,11882,11768
13066,8982,10723,11654,12712,13032
13067,38718,41909,48025,54258,55134
13068,13590,13478,14037,15390,14340
13069,46344,56573,97461,124490,168302
13070,13936,15412,17153,19781,19067
13071,10425,9264,9753,10514,9086
13072,9839,8662,10248,10605,11113
13073,32265,33694,36382,40488,37722
13074,22641,24734,26758,29101,28626
13075,11317,11746,13228,17340,21362
13076,86840,93296,103919,111765,115107
13077,122274,129935,151584,164922,168369
13078,16977,18157,19067,20080,18260
13079,7519,6954,7320,7828,7015
13080,20727,22238,23607,24714,24674
13081,24933,25987,32437,35656,38155
13082,14888,16493,18036,19300,21443
13083,24516,27333,39143,47027,57906
13084,37435,34476,38516,41038,39927
14001,19282,18551,21206,22087,23175
14002,20236,22540,23241,22908,25250
14003,20118,21465,21714,23875,23630
14004,5494,5065,5545,5517,5743
14005,12509,13435,14648,15741,16490
14006,56681,54161,57340,62215,60386
14007,8610,8379,8896,9623,9433
14008,76293,80193,72812,78972,80609
14009,14523,15064,17545,20397,21115
14010,5958,6236,6655,6918,7758
14011,5394,4918,5400,5598,5599
14012,4318,4107,4115,4000,4176
14013,51798,52204,57717,61980,64009
14014,8697,7870,8276,8466,8689
14015,50846,53269,57559,62122,64931
14016,35432,35150,38291,38984,41552
14017,13135,12221,12664,12746,12880
14018,59086,59990,64269,66622,67937
14019,5377,5019,6820,7481,7043
14020,9133,9034,10029,10557,10940
14021,21577,18913,21475,21980,20548
14022,32019,30241,39020,42112,40139
14023,86743,96050,100534,108241,115141
14024,26460,25119,26174,27410,29267
14025,17557,16404,18091,18354,19689
14026,5726,5221,5933,6236,6334
14027,16097,16408,17322,18540,18370
14028,2477,2024,2171,2160,2166
14029,17554,16236,17795,18354,17820
14030,43444,43345,48839,52083,55196
14031,3926,3382,3771,3450,3270
14032,5536,5098,5814,6222,5983
14033,21044,19173,21132,21922,21226
14034,2155,1888,2082,1910,1981
14035,46421,47397,51396,54668,53039
14036,17342,17564,18632,20283,20011
14037,22499,21825,23845,24926,25920
14038,4769,4138,4323,4278,4199
14039,1646319,1600940,1495189,1486730,1385629
14040,8659,8228,10284,9904,8732
14041,6273,5236,6084,5768,5920
14042,9047,7926,8781,9048,10015
14043,22827,20161,23428,25005,23258
14044,21605,23420,41060,54982,67969
14045,19503,18157,19005,19560,20465
14046,28110,28462,31948,34432,32678
14047,21157,21223,22881,25293,24894
14048,19842,17884,18634,19856,18982
14049,10280,8579,9545,10095,9425
14050,35713,37972,42164,47549,47105
14051,11792,11902,13218,18940,30855
14052,5831,5282,5515,5755,5534
14053,128118,140001,153817,168944,172403
14054,6026,5410,5499,5498,5368
14055,18177,18924,21321,23076,21781
14056,2769,2653,2517,2058,1815
14057,3813,3623,3755,3793,4099
14058,13873,13136,14245,14790,14451
14059,11004,11671,13225,14106,14043
14060,6974,6084,6034,5209,5307
14061,14614,15674,18084,20019,22083
14062,3938,3279,3574,3608,3638
14063,84200,89340,92967,101975,106050
14064,27230,28081,30097,33119,33588
14065,14115,11681,12119,11444,11386
14066,40827,43817,48408,53159,53659
14067,184728,220368,255681,282493,291839
14068,12357,10975,11623,10967,11303
14069,11528,8491,8691,8517,7734
14070,83453,111436,138226,190039,232852
14071,4348,3207,3176,3169,2924
14072,6384,6181,6647,7522,7609
14073,55305,57104,65219,71367,72230
14074,14760,12974,15454,16286,16792
14075,3497,3533,3762,3865,3791
14076,3977,3205,3405,3188,3095
14077,27286,24127,26306,28392,28102
14078,27666,26971,31166,33604,31965
14079,12705,12720,14011,14708,16431
14080,6577,5626,5755,5726,5086
14081,4204,3687,3726,3126,3515
14082,30995,34755,34829,37590,37186
14083,53616,56291,69031,82509,87690
14084,13797,13612,14410,15439,14997
14085,41111,35987,37986,39254,38955
14086,15480,16057,18096,20023,21245
14087,18047,16042,16847,16942,16705
14088,16074,14984,16573,17581,16603
14089,3204,3044,3511,3801,4072
14090,7179,7047,7051,7175,7302
14091,37999,36976,40105,42069,39839
14092,11817,10226,10837,10582,11039
14093,119197,126625,136123,144866,150190
14094,35502,38534,40697,43043,44353
14095,8361,7743,9088,9815,9647
14096,19766,19076,20857,21515,22758
14097,123619,220630,416626,570651,727750
14098,474178,563006,608114,679773,687127
14099,9277,8756,9591,10585,11219
14100,34329,31798,35050,36620,36316
14101,337149,408729,478689,549573,569913
14102,5928,5557,5930,6082,5961
14103,7374,7179,7256,8067,7565
14104,5089,4217,4435,4491,4180
14105,20034,19710,21871,23692,23573
14106,4024,3770,4234,4382,5482
14107,6109,5765,6316,6319,6702
14108,33162,32462,34182,35448,37518
14109,15664,15484,17325,18368,19069
14110,14054,13133,13737,13755,13799
14111,5958,6052,6705,7055,6627
14112,5758,5218,5798,5547,6151
14113,13736,13378,15310,16474,16548
14114,15936,15196,16969,18281,19063
14115,5938,5182,5638,5538,5525
14116,15381,17291,18711,20677,20088
14117,4407,3978,4152,4213,4388
14118,23773,22920,22284,23056,22394
14119,25829,25529,27901,28940,30472
14120,1001021,1155790,1243756,1369106,1476491
14121,28981,27290,29192,30068,33713
14122,6533,6345,6685,7200,7466
14123,15478,16274,17585,18360,19279
14124,53461,55827,63636,69749,64806
14125,16750,17059,17626,19318,18341
15001,58389,56849,60918,67617,67872
15002,61250,77035,136558,157008,171507
15003,38827,40492,44823,50138,49266
15004,15584,14196,14856,15209,15333
15005,110591,126163,147653,180078,174587
15006,8873,8939,10886,11461,12694
15007,21095,20343,22868,25157,23675
15008,30141,27026,26334,27122,25244
15009,45255,48363,48421,52190,53441
15010,23734,25738,27521,30150,31898
15011,34435,42739,56243,64517,75489
15012,8172,8909,10299,12208,12984
15013,467886,472526,489937,535019,523674
15014,76750,77831,93718,103431,109384
15015,25950,24110,27663,31693,31900
15016,20516,21915,25559,28416,29128
15017,5947,6361,8864,10095,10053
15018,35196,38770,47033,58503,68489
15019,28808,30838,34101,36371,36921
15020,252555,285943,278064,291362,293444
15021,35068,31860,36174,40711,38643
15022,10205,12120,12142,14781,15107
15023,35358,39341,39030,42686,40885
15024,75836,110345,140059,154533,178847
15025,217972,257403,310130,354576,400057
15026,22828,21746,27551,29120,31737
15027,5735,6581,9676,12087,12772
15028,19620,22664,26191,29865,30045
15029,77579,170035,175053,208467,200750
15030,17972,19656,22819,26239,27692
15031,490772,525389,614453,696527,705193
15032,28006,29621,33455,34960,37436
15033,1622697,1688258,1656107,1713207,1645352
15034,7916,8247,9369,9706,10827
15035,38458,59721,100023,133238,163244
15036,33343,36512,39864,44936,46757
15037,193468,224042,242167,274857,284965
15038,8168,8788,10308,12005,11929
15039,297570,429033,467361,509362,542211
15040,30529,30073,33541,36431,36911
15041,6425,6349,6629,6923,6475
15042,115165,126505,141482,157025,160139
15043,19182,20002,26865,30302,30687
15044,31629,26359,26328,28475,28217
15045,68336,71624,83755,89876,87671
15046,15086,13825,17970,19488,19877
15047,56614,59969,69031,76131,76826
15048,51979,55403,61204,66986,69264
15049,10720,11042,12840,14257,15428
15050,18968,21017,23497,26107,27116
15051,99870,105578,134799,151276,170327
15052,21712,22970,25624,28138,28155
15053,37716,37706,50240,58665,61220
15054,194463,206005,214162,233777,242307
15055,9225,10161,11712,13143,13807
15056,26971,26430,28426,30722,33164
15057,858711,821442,833779,862502,834434
15058,1225972,1140528,1110565,1065345,1077208
15059,19532,22507,31691,41439,57082
15060,269546,306516,366602,420508,430601
15061,7512,8182,8895,9240,10351
15062,49643,54224,61805,68017,72103
15063,25989,26332,31803,35359,36223
15064,30411,31847,34446,38151,36937
15065,29097,29873,34232,36125,36331
15066,5196,4748,4864,4018,4891
15067,57583,67611,78146,86661,88783
15068,23592,24055,27207,29865,30785
15069,3469,3766,4147,4099,4862
15070,212694,232546,253845,300911,304088
15071,11065,12319,13002,14227,14985
15072,9024,10953,12748,13709,15972
15073,10321,11313,22152,28104,31962
15074,177287,100201,121396,137772,144924
15075,19694,21511,24851,27695,29182
15076,59647,66740,72579,78378,97418
15077,5436,5408,6272,6184,6692
15078,8592,8888,9111,9901,9729
15079,10007,10719,11798,13648,14323
15080,27592,24986,25809,27261,24145
15081,172813,270574,364579,461574,547503
15082,95032,62547,71077,79628,79282
15083,8840,10135,11206,13338,14130
15084,29307,33063,35987,39773,43593
15085,61974,58169,62695,65313,66414
15086,31192,30336,32870,32533,35014
15087,69306,77714,90010,106272,105766
15088,77531,80183,90946,100477,104677
15089,8486,9432,10578,12681,11359
15090,65119,68669,77965,88558,90518
15091,66556,73696,63115,67941,65459
15092,44653,46779,53010,58358,58507
15093,22729,25523,27944,31477,32564
15094,16863,16912,18327,20321,20500
15095,62280,67724,88559,96852,103696
15096,28067,31080,33907,37881,39489
15097,16370,15824,17390,19592,18482
15098,3997,4514,5111,5388,5736
15099,204102,209308,235151,248227,277562
15100,18852,25372,35199,42586,47044
15101,58381,64365,70682,79291,84259
15102,14512,14335,15391,16062,16414
15103,42507,43930,46130,48559,49196
15104,721415,683808,664225,714636,672202
15105,36100,33308,32997,35514,31762
15106,666596,747512,819561,895285,910608
15107,11502,10901,12099,12634,12912
15108,93277,110145,131567,153980,157645
15109,432141,472867,486998,531941,516341
15110,57375,52902,61599,66913,61590
15111,40164,41938,47709,53858,53275
15112,37993,39587,44881,48462,51498
15113,50829,52090,59991,69513,69086
15114,74043,77819,94369,107166,108196
15115,41402,45274,46331,52979,54633
15116,3797,3836,4051,4280,5109
15117,16101,13800,15121,15199,13522
15118,121850,136167,167759,194028,203872
15119,15372,16149,16365,17419,18833
15120,99774,127988,159647,207712,280455
15121,453298,498021,511675,544352,555163
15122,323461,332279,357645,404744,391731
15123,30203,28213,27781,28540,28822
15124,77158,79945,91345,96343,100082
15125,6332,8081,10216,10196,14883
16001,9933,10052,10987,11642,11301
16002,19645,16159,16214,15507,14754
16003,19502,18696,20913,22154,23000
16004,15108,12333,14684,15477,14943
16005,10287,9990,10768,11327,10892
16006,117949,115078,123649,130648,126191
16007,2826,2705,3218,3298,3529
16008,22152,20898,23536,25341,24676
16009,30584,31647,34848,37245,36268
16010,23386,21173,21790,22459,20332
16011,9641,9560,10653,11570,11681
16012,38188,38036,42234,48306,45538
16013,10351,9337,9212,9651,9176
16014,13974,11632,14136,14824,17022
16015,21706,18156,17615,18874,19633
16016,23221,19478,20492,21173,20965
16017,30107,30696,32954,34919,35070
16018,9151,8131,8952,9354,9484
16019,21169,18207,19644,19465,20198
16020,26269,26213,28227,30272,29910
16021,10898,10867,12163,12687,13539
16022,19169,19417,21723,22402,25138
16023,10968,9616,9975,10468,10417
16024,16243,15734,18141,19542,20586
16025,30711,30299,36293,39892,40560
16026,6870,5343,5271,5114,4773
16027,7463,5516,5166,4670,4944
16028,7077,5520,5564,5123,5233
16029,14866,13801,14366,15541,12342
16030,14915,12420,12855,12980,11850
16031,15923,15828,16218,16916,16112
16032,13161,13060,14555,15619,15715
16033,20015,19876,21294,23075,21466
16034,106421,110311,117620,125222,125712
16035,34245,31774,32757,34686,30627
16036,11808,11053,11592,11950,11644
16037,10153,7627,7983,8242,7945
16038,45441,41239,41937,41689,41973
16039,6711,7369,7925,9020,9015
16040,16341,15134,16427,17401,18385
16041,13260,11416,14766,15561,16043
16042,14393,12794,13584,13060,14302
16043,54130,60029,64011,71057,68781
16044,14430,12815,13275,12704,12946
16045,36389,31730,34199,33785,36158
16046,11648,12016,13604,14705,14936
16047,18586,18571,19986,21863,19834
16048,5136,4828,5506,5688,5745
16049,16620,15769,17427,18447,19086
16050,69382,70170,80258,90321,89311
16051,11235,11012,13031,14031,13983
16052,171100,162997,178817,187540,196003
16053,620532,684145,729279,803953,849053
16054,10914,8525,8091,7968,7983
16055,42877,40232,44963,46390,45732
16056,23221,25055,27174,28881,32598
16057,8724,7649,7799,8351,8196
16058,15280,16028,18834,20058,20981
16059,8821,7722,8240,8205,9027
16060,9703,9388,9599,9964,9437
16061,18804,20689,22628,24928,24774
16062,19688,18413,19450,19914,21028
16063,18504,15781,16064,15964,14889
16064,23868,22802,25343,27318,26832
16065,31096,31888,34721,38329,39657
16066,77872,79868,87794,95389,98382
16067,20097,16523,17159,17234,16621
16068,20256,20965,25296,28471,29389
16069,84946,91132,99576,105905,106490
16070,15666,15289,15306,15566,15503
16071,71770,64590,67837,69071,69260
16072,13438,12474,13550,14117,13961
16073,23893,23391,25592,28363,27176
16074,9905,9451,9980,10667,10553
16075,57006,51788,64141,71616,78935
16076,60894,61965,72841,78207,78477
16077,19506,16953,18461,18187,17677
16078,13952,11925,12618,12726,12812
16079,38331,38502,45217,50577,49896
16080,17181,15950,18427,19563,19833
16081,9085,7703,8704,8995,9076
16082,59192,59920,69955,78336,79540
16083,25670,26089,29414,31852,33453
16084,26245,24267,27822,29990,31716
16085,32821,30052,32677,34381,35256
16086,14413,14579,15176,15665,15534
16087,13287,12294,13558,15156,15589
16088,39408,51479,78623,108003,114513
16089,24135,22152,22987,24323,24074
16090,11742,12630,13950,15380,16325
16091,12833,12414,13511,14842,14934
16092,16656,13665,14274,13944,12836
16093,25392,25373,27587,28382,28556
16094,8830,6776,6890,6339,6420
16095,11315,9820,11504,12247,12325
16096,10153,8363,7890,7022,5971
16097,36072,31494,31877,32302,29056
16098,23959,24509,26026,27806,25757
16099,18103,15302,16305,15617,14329
16100,12414,12259,13556,14747,14911
16101,11124,9394,9166,9133,8855
16102,265699,279229,315350,342635,356786
16103,22512,21226,23457,25118,23469
16104,20579,15512,16991,17417,15864
16105,17687,17412,18995,21045,20982
16106,26691,26152,29995,32077,32303
16107,69700,70636,73455,77191,76829
16108,161918,170748,186102,200585,204860
16109,4084,3221,3247,3264,3232
16110,48917,44122,46666,48349,49005
16111,12879,13792,15222,17793,18402
16112,138050,136491,155534,166938,157056
16113,26500,23787,25576,26724,26213
17001,16482,15359,17021,18073,17598
17002,14708,13863,18895,22650,25232
17003,30436,30576,33695,36526,39174
17004,69381,70023,78866,87300,89834
17005,9356,8181,9471,9981,10520
17006,153329,160285,175207,197772,187118
17007,338706,349102,365168,373561,378476
17008,57617,69064,83485,101705,107053
17009,15184,14815,17340,19858,24515
17010,13745,13811,15646,17611,18402
17011,170589,181317,196953,218024,215357
17012,53351,51604,55115,58170,57682
17013,13623,13598,14604,16029,16694
17014,8821,8766,9456,10124,9653
17015,23984,22691,24990,15787,15802
17016,15090,15357,16858,18952,19219
17017,54149,56410,61585,40169,40018
17018,92850,98560,108126,118567,122263
17019,24133,23209,25346,27723,28122
17020,32921,36145,41629,48233,54987
17021,6917,6473,7441,7899,7617
17022,16428,17255,19138,13928,14853
17023,5626,5884,6636,7337,7943
17024,45272,44773,48881,53056,52399
17025,30017,29637,31534,34442,33789
17026,13851,14467,16543,18127,19408
17027,8742,10012,10789,12249,12750
17028,45643,53368,63382,70477,73539
17029,84405,84513,97827,104705,105780
17030,36582,39859,46809,53788,56083
17031,33331,33527,35063,36798,36094
17032,7962,7957,9087,9575,9965
17033,12065,12438,14641,16167,16574
17034,9642,9483,10200,11429,11347
17035,19458,21627,23591,27531,27805
17036,6217,6350,6850,7257,7855
18001,36512,34665,36572,37767,37232
18002,15371,14114,15229,16116,15393
18003,12088,10392,11188,11980,11536
18004,65943,62925,70399,76579,77436
18005,10294,10561,11400,12742,12230
18006,25382,25713,27273,29780,29299
18007,16171,16071,17698,18855,19321
18008,37664,42893,49102,58579,65229
18009,26649,30551,34300,43333,47550
18010,34683,32217,34393,34306,33567
18011,21722,20996,23469,25009,24096
18012,42762,37478,43120,44374,41518
18013,7753,7155,7510,7604,7683
18014,20849,21688,22412,23854,24911
18015,94979,84314,93074,98808,93981
18016,42237,37234,39756,40055,37135
18017,305176,336403,380249,419532,425924
18018,31202,28550,30030,30914,30064
18019,12940,12025,13600,14457,13719
18020,59808,83739,124205,154160,187632
19001,2514,2746,2791,2716,2974
19002,4390,3537,3443,2541,3382
19003,2464,1675,1374,1321,1407
19004,27773,29568,32593,35173,35289
19005,18524,17983,18480,18587,18030
19006,283497,418784,523370,613932,656464
19007,14840,14692,15470,16441,14992
19008,3499,3326,3773,4047,3661
19009,75059,73746,86445,99099,122337
19010,6644,6996,16092,41563,104478
19011,9343,8009,7855,7900,7340
19012,11204,14268,24526,44917,68747
19013,11540,10697,10864,11019,9930
19014,33721,33269,35445,34987,36088
19015,2246,1639,1716,1645,1360
19016,3185,3092,3345,2948,3256
19017,39519,38930,39991,42032,40903
19018,28974,51658,143668,260095,397205
19019,125978,122009,122659,126426,132169
19020,5799,5385,5527,5602,5506
19021,233457,299364,357937,437821,481213
19022,15475,14022,14437,15080,14109
19023,1699,1476,1277,1104,1808
19024,5576,5733,5942,6167,6282
19025,6033,6985,55213,70518,102149
19026,670162,691931,678006,695586,643143
19027,2795,1877,2030,1818,1959
19028,1371,1427,1594,1539,1386
19029,6413,6631,6914,7082,7026
19030,3484,3533,3558,3631,3298
19031,66497,144380,256970,347993,471523
19032,5305,4428,5349,5358,5351
19033,69205,71061,78669,81914,84666
19034,4719,5398,5488,5724,5119
19035,1215,1052,862,998,1483
19036,7078,7047,7095,7191,7652
19037,5049,5384,5447,5488,6048
19038,52741,53854,59113,62566,67428
19039,1110997,1133814,1135550,1135868,1142994
19040,1226,950,1034,987,906
19041,11321,12258,20843,91944,147624
19042,6237,6227,5359,4622,5389
19043,2613,2576,2628,2678,2377
19044,32329,32040,34671,36202,34709
19045,19024,27848,32660,56968,86766
19046,496878,476761,443273,438591,412199
19047,14275,15480,16604,14266,16086
19048,227026,259896,268955,304117,306322
19049,36812,37886,40469,43604,46784
19050,2169,1859,1971,1663,1552
19051,4247,4105,4113,4141,3573
20001,1540,1144,1084,901,841
20002,44579,42347,44885,46879,45167
20003,2567,2095,2495,2104,2547
20004,883,753,1012,962,1107
20005,14249,14438,14751,15457,15261
20006,13745,14676,17820,19052,20464
20007,3655,3257,2612,2597,2395
20008,918,699,842,771,734
20009,5660,6524,6720,7247,6857
20010,13186,13439,13608,14556,13474
20011,1317,1057,1220,1220,1402
20012,9566,8686,9860,10774,11166
20013,2942,2562,2785,3023,3043
20014,22675,24181,26450,29251,28082
20015,5803,4882,4712,4962,5356
20016,5733,7598,8531,10143,9563
20017,3998,3367,3302,3457,3607
20018,946,828,834,818,752
20019,3077,2920,3071,2992,2754
20020,3295,3796,3860,4086,4847
20021,14467,14305,14667,16137,14488
20022,931,1022,866,738,803
20023,12812,15041,18428,22378,26882
20024,4298,3783,3846,3725,3644
20025,9799,9929,11105,11667,11356
20026,7828,7483,8481,9272,9035
20027,2501,2368,2458,2303,2179
20028,17573,17232,19679,21517,23148
20029,4149,4042,4263,4232,4215
20030,7705,8219,8310,8781,8730
20031,6704,6908,7362,7266,7185
20032,1138,852,1033,1019,1077
20033,2004,2349,2433,2716,2929
20034,1400,1214,1425,1207,1288
20035,754,476,544,551,657
20036,5610,5283,5285,5524,5256
20037,4185,3961,4402,4480,4424
20038,2132,1955,2112,1960,1885
20039,53219,57808,69839,79353,78313
20040,6567,5672,5995,6446,6385
20041,31040,31829,30004,32282,31710
20042,7287,7188,7674,8462,8385
20043,78512,85869,93038,101146,113570
20044,40877,39166,41535,43735,40934
20045,3942,6148,7522,8466,7888
20046,3717,3463,3313,3205,2943
20047,109,102,93,90,81
20048,946,1101,1304,1408,1433
20049,1029,1060,1141,1176,1184
20050,3473,3461,3778,3476,3750
20051,3604,4296,4368,4678,4764
20052,6011,6014,6182,6172,5996
20053,1116,1165,1221,1258,1297
20054,434,422,409,423,404
20055,3383,3140,3530,3581,3739
20056,1275,1189,1451,1459,1446
20057,40709,38421,38019,40628,38183
20058,13947,12934,13435,13370,12722
20059,32555,32185,41387,43723,50375
20060,2666,2438,2770,2637,2487
20061,2392,2104,2568,2789,2893
20062,579,546,586,485,498
20063,3368,3720,3882,4022,4293
20064,7607,7285,7390,7617,8494
20065,1835,1371,1182,1228,1079
20066,5308,4961,5353,5450,5342
20067,256130,265006,263357,270649,270955
20068,18183,19581,21341,22288,23751
20069,2032,2135,2446,2718,3052
20070,6226,6703,6629,7020,6416
20071,3828,3314,3060,2958,3255
20072,5661,6164,6579,7046,8059
20073,26406,29678,31897,33504,34652
20074,424,439,505,489,456
20075,2675,2691,2671,2779,2660
20076,3548,3096,3331,3341,3411
20077,2423,3252,3568,3878,4370
20078,1061,964,1092,1132,1301
20079,76452,76219,82371,90936,84438
20080,1796,1455,1312,1503,1593
20081,2318,1787,1914,1801,1871
20082,4594,4514,3952,4192,4163
20083,4970,5645,8089,9665,11391
20084,3206,3243,3893,4088,4168
20085,22495,17823,22565,25122,26194
20086,751,876,874,955,1032
20087,3400,3176,4075,4501,5521
20088,3100,2529,2851,2884,2881
20089,2136,2114,2152,2173,2308
20090,5638,5756,5867,6311,6234
20091,3909,4508,4879,5508,6279
20092,1377,1343,1439,1652,1776
20093,563,528,505,501,518
20094,2067,1983,1898,1799,1850
20095,3723,4066,3990,4409,4562
20096,677,613,772,737,756
20097,1678,1699,1740,1715,1771
20098,4295,4255,4427,4513,4233
20099,548,485,475,476,381
20100,537,378,497,439,393
20101,916,756,726,757,748
20102,3074,3812,4405,4560,5326
20103,4809,4829,5651,6154,6064
20104,1929,2445,2508,2672,2705
20105,6200,6482,6650,7494,7678
20106,339,311,297,259,249
20107,15261,15071,21456,23745,26282
20108,4315,4303,4289,4414,2936
20109,1313,1256,1233,1257,1232
20110,1362,1298,1603,1527,1668
20111,3818,3873,4394,4377,4873
20112,2881,2716,2439,2555,2576
20113,2873,2751,2832,3072,3169
20114,788,690,677,661,674
20115,4740,8015,8684,9383,10391
20116,3833,3713,4052,4495,4131
20117,2512,2617,2422,2382,2213
20118,2731,2485,2470,2526,2389
20119,523,380,399,417,735
20120,638,381,368,347,449
20121,827,681,655,664,596
20122,752,661,677,651,653
20123,2727,2394,2705,2812,2829
20124,15886,16899,17094,18900,19696
20125,10882,9857,11813,12347,11662
20126,4236,3978,5024,5286,5396
20127,1180,1179,1283,1039,1252
20128,1252,1130,1230,1242,1342
20129,344,244,334,364,356
20130,4931,5165,5098,5248,5180
20131,9788,9487,10500,10913,11411
20132,1043,1093,1245,1115,1380
20133,3408,3676,3974,3696,3934
20134,23238,25395,26838,28641,28500
20135,6150,6221,7187,8061,8231
20136,11680,11642,11575,11900,12191
20137,3324,3170,3427,3461,3450
20138,472,371,460,452,451
20139,1914,1968,2136,2098,2195
20140,783,673,827,811,812
20141,5782,6874,7232,7882,8710
20142,1379,1251,1160,1005,842
20143,9318,9050,8959,9218,9461
20144,1184,881,1110,977,1075
20145,1789,1920,3474,4018,5215
20146,1868,2240,2666,2852,2803
20147,413,341,378,372,376
20148,1991,1835,1945,1998,2182
20149,1250,1321,1509,1788,2019
20150,9694,10278,11893,13245,13856
20151,452,390,394,333,312
20152,2064,1235,2152,2176,2472
20153,3959,3930,4733,4949,4910
20154,1938,2009,2393,2453,2329
20155,849,789,940,1012,1060
20156,3294,3100,3478,3411,3677
20157,8343,10100,13860,16143,16827
20158,2355,2145,2231,2309,2233
20159,5227,4979,5449,5169,5537
20160,1895,1742,1449,1428,1429
20161,2717,2736,2559,2590,2730
20162,1529,1750,1848,1987,2046
20163,1702,1522,1606,1627,1577
20164,3353,2957,3215,2844,2881
20165,1271,1342,1511,1548,1629
20166,9867,10203,11019,12322,11310
20167,1892,1863,2094,2083,2149
20168,916,955,977,1075,938
20169,4538,3689,3684,3979,4251
20170,3151,3541,3849,3352,3700
20171,19969,18120,18478,18720,18102
20172,531,401,430,386,408
20173,1572,1301,1517,1494,1457
20174,2887,3189,3759,4037,4564
20175,1775,1384,1724,1614,1424
20176,3223,2863,2808,2749,2725
20177,9298,9181,9441,10194,10365
20178,3499,4912,6287,7018,6692
20179,1236,1254,1462,1487,1447
20180,2286,2140,2325,2632,2344
20181,442,412,417,452,453
20182,2242,2241,2292,2231,2181
20183,1511,1443,1447,1420,1475
20184,133913,144555,155766,166012,159452
20185,7514,8134,8680,9058,8939
20186,666,556,605,555,524
20187,2479,2019,2535,1847,1808
20188,8656,8669,9494,10233,9609
20189,2338,2389,2517,2946,3116
20190,21679,22478,22356,24147,22444
20191,374,281,320,336,296
20192,1338,1323,1442,1526,1522
20193,2285,2200,2546,2668,2807
20194,1350,1227,1231,1273,1372
20195,1468,1280,1256,1092,1056
20196,422,412,404,421,407
20197,2914,2940,3047,3287,3288
20198,27399,27646,28142,30056,29802
20199,849,717,713,589,494
20200,3588,3557,3924,3807,3703
20201,1830,1908,1832,1992,1880
20202,4302,3936,4531,4778,4577
20203,3198,3363,3285,3367,3538
20204,675,674,715,627,634
20205,16775,16335,17398,17361,16989
20206,2466,2447,2357,2497,2421
20207,17090,16138,17100,19591,19032
20208,9543,7423,7611,6848,6941
20209,932,903,711,668,607
20210,6750,5796,6666,5877,5773
20211,3125,2779,3168,2768,3411
20212,2551,2717,2807,2993,3117
20213,3889,4154,3628,4376,4203
20214,2486,2429,2313,2025,2033
20215,665,655,764,814,879
20216,1150,1091,1331,1308,1241
20217,3454,3170,3446,2969,3325
20218,572,511,607,546,544
20219,2817,2552,2565,2686,2668
20220,2974,2914,2773,2705,2692
20221,1448,1344,1340,1270,1494
20222,1605,1495,1530,1508,1426
20223,496,561,452,483,440
20224,720,656,684,589,643
20225,5380,5781,5955,6233,5903
20226,2587,2477,2708,2797,2971
20227,9965,11559,13704,16239,18339
20228,737,738,771,833,833
20229,5676,6319,7048,8560,9148
20230,1202,948,1007,963,932
20231,3144,2524,3026,3039,3187
20232,20118,19871,21514,20664,22185
20233,1941,1769,1745,1773,1720
20234,7227,7384,7554,7410,7163
20235,3618,3393,3624,3738,3829
20236,1741,1399,1525,1582,1372
20237,2303,2110,1557,1460,1568
20238,757,761,816,876,994
20239,1078,1012,1077,1030,1000
20240,2614,2554,2460,2372,2749
20241,1200,979,1084,1107,1034
20242,8877,12406,11361,12538,12436
20243,1776,1631,1742,1875,1975
20244,3254,3595,3669,3881,3934
20245,1370,1199,1277,1298,1324
20246,642,574,620,633,611
20247,1391,1313,1467,1587,1619
20248,10657,12667,14252,15216,15571
20249,2913,3294,3475,3709,3831
20250,1108,1085,1181,1141,1239
20251,1150,1127,1180,1175,1217
20252,1838,1732,2116,2126,2384
20253,4148,2647,2226,2124,2021
20254,3495,2806,3308,3212,3207
20255,1945,1871,2086,2059,1977
20256,250,226,234,231,229
20257,1122,919,1091,1014,1052
20258,880,799,744,725,698
20259,2261,2226,2465,2404,2142
20260,2621,2637,2488,2222,2191
20261,6143,5938,7244,7682,6932
20262,1089,1012,1043,1012,991
20263,3134,2808,3483,3252,3184
20264,2276,2035,2274,2146,2169
20265,5947,6541,6608,6964,6711
20266,8584,7510,8481,8560,8551
20267,307,275,294,246,245
20268,884,778,916,1045,1149
20269,3635,3086,4127,4213,4313
20270,1703,1237,1399,1131,1311
20271,2097,2387,3245,2733,3194
20272,6705,5724,6161,6562,6252
20273,3205,3126,3497,3391,3818
20274,1193,1375,1296,1303,1328
20275,5332,6015,7293,8248,7286
20276,874,795,801,720,691
20277,12668,11884,12525,12701,12350
20278,36036,34842,36564,40523,38682
20279,2617,2694,2911,2745,2932
20280,2673,2237,2394,2313,2011
20281,268,219,308,272,305
20282,821,684,794,743,653
20283,1038,964,1042,1023,1044
20284,3160,3442,3160,3223,3141
20285,3115,3074,3386,3748,3668
20286,3525,3307,3220,3234,3100
20287,432,336,346,302,307
20288,601,632,611,610,585
20289,1131,1037,1143,1164,1214
20290,991,936,1012,999,1043
20291,4069,3876,4167,4348,4308
20292,1294,1267,1388,1448,1510
20293,7103,12212,15535,16425,17116
20294,5071,5928,6307,7185,7035
20295,8470,8216,9025,9568,10020
20296,1135,956,929,916,955
20297,2489,2529,2150,2577,2751
20298,10477,11219,11825,12859,13587
20299,1074,1000,1108,1089,1125
20300,5334,5473,6468,6818,6632
20301,1471,1511,1544,1544,1594
20302,3765,3464,4136,4643,4559
20303,1204,989,1172,1110,1081
20304,1050,877,851,750,716
20305,3634,3858,3944,4329,4333
20306,4735,3949,3903,3686,4654
20307,9862,8834,9594,10222,9735
20308,2588,2671,2839,3223,3307
20309,10854,10931,10371,11834,10368
20310,3604,5321,6822,9035,14552
20311,677,271,458,550,483
20312,9770,10252,11555,12597,11279
20313,1010,821,834,795,730
20314,1548,1618,1693,1603,1755
20315,1903,1781,1711,1744,1899
20316,821,722,753,712,738
20317,1555,1360,1405,1267,1257
20318,32471,33682,42860,49524,49780
20319,1244,1066,1099,1089,972
20320,653,737,723,685,706
20321,926,834,840,740,751
20322,877,897,884,808,786
20323,1780,2171,2135,2167,2404
20324,36982,38798,43860,48598,48204
20325,9570,9824,10491,11124,11930
20326,4535,4603,4957,5242,5052
20327,13377,13647,13992,15516,15479
20328,1052,1076,1173,1246,1441
20329,1428,1298,1320,1246,1153
20330,4173,4139,4277,4332,4296
20331,850,646,894,900,982
20332,420,372,406,356,373
20333,2684,2644,2603,2724,3294
20334,42645,40767,43913,47457,50541
20335,991,943,1002,928,867
20336,2546,2758,2267,1735,1697
20337,5504,4319,5602,4971,5616
20338,7819,7637,9280,10957,10361
20339,3486,3664,3989,4129,4353
20340,2061,1731,1878,1722,1747
20341,246,244,232,246,241
20342,1584,1788,2079,3454,4105
20343,2029,1514,1849,1980,1999
20344,2366,2509,2613,2750,2809
20345,3722,3364,3968,4176,4188
20346,1633,1412,1449,1477,1542
20347,3288,3069,3664,3703,4202
20348,8671,6916,8246,8529,8192
20349,2062,1962,1976,2023,2189
20350,15690,15922,16241,18528,16878
20351,2470,1847,2623,2886,2802
20352,2225,2481,3833,3679,4940
20353,1867,1697,1978,2217,2406
20354,524,572,510,527,477
20355,864,783,738,740,681
20356,2140,1996,1993,2121,2179
20357,993,1012,908,781,848
20358,1990,1687,1854,1993,1958
20359,1149,940,809,917,637
20360,3415,3196,3592,3872,3981
20361,977,992,922,880,825
20362,1545,1291,1496,1463,1495
20363,2532,2480,2633,2639,2675
20364,14036,14380,14710,16501,18654
20365,1542,1097,1307,1093,1059
20366,4440,4163,3986,3981,3676
20367,4230,4409,4543,4568,4582
20368,1604,1698,1816,1984,2067
20369,1758,1571,1847,1989,2193
20370,725,596,679,680,662
20371,858,919,954,1055,986
20372,1848,1864,1886,1573,1316
20373,573,407,448,382,403
20374,1263,1301,1470,1587,1645
20375,6457,8804,10120,13125,13200
20376,410,379,364,371,365
20377,10688,10386,10975,11833,10860
20378,3311,2984,3615,3517,3720
20379,2672,2692,2958,2987,2951
20380,1833,1910,1972,2186,2242
20381,2625,2483,2606,2752,2940
20382,1158,1141,1170,1148,1182
20383,567,541,608,598,595
20384,4061,3933,4514,4868,4794
20385,52806,65873,77833,95726,100402
20386,15054,16773,17897,18966,19079
20387,3549,2661,2858,2977,2891
20388,2212,2275,2535,2452,2809
20389,1177,975,921,969,908
20390,44364,45752,47356,50635,50362
20391,2808,3023,3356,3436,3375
20392,6663,6397,6678,6562,6726
20393,3455,3580,3604,3957,4173
20394,2660,2526,2778,2828,2796
20395,2531,1629,1898,1755,1629
20396,3329,3223,3252,3313,3259
20397,29026,34587,38453,40861,40123
20398,5597,4385,4406,4544,4874
20399,15749,19876,27465,35323,41921
20400,1562,1333,1632,1609,1713
20401,18120,19223,22562,24789,27046
20402,1016,983,1083,1096,1067
20403,1658,2070,2772,3086,3751
20404,808,750,766,750,761
20405,1711,1687,1932,2136,1815
20406,21436,20577,20584,20858,21469
20407,7106,8643,8506,9311,9578
20408,414,441,480,493,499
20409,7272,8259,8165,9123,8939
20410,3369,3635,3461,3434,3418
20411,759,710,816,835,908
20412,3021,2911,3286,3241,3178
20413,28327,33194,38629,47019,50862
20414,10118,10239,10794,11692,11995
20415,4910,4253,4888,5100,4878
20416,594,573,516,499,461
20417,9783,8936,9240,9702,9682
20418,10491,11123,11888,13354,11735
20419,598,569,575,507,592
20420,1070,1454,1680,1874,1679
20421,4041,4239,4442,4665,4690
20422,770,607,681,602,603
20423,606,568,550,475,453
20424,4156,4023,3992,3980,3793
20425,2081,2087,2209,2133,2058
20426,6914,7640,7865,8807,8967
20427,13648,13867,15387,16902,16706
20428,1506,1537,1770,1984,2224
20429,1675,1490,1524,1505,1516
20430,272,303,253,364,317
20431,1831,1683,1774,1737,1830
20432,958,924,968,917,903
20433,2219,2628,2595,2642,2694
20434,4843,4436,4651,4299,3985
20435,2752,2315,3505,3549,3576
20436,1204,911,1113,995,896
20437,8406,9000,9663,9167,9653
20438,1562,1568,1754,1688,1839
20439,20228,21223,24318,25716,25347
20440,1016,878,896,856,812
20441,5698,7283,7781,9023,9234
20442,378,292,354,276,250
20443,460,409,448,478,434
20444,469,431,461,425,481
20445,1223,1284,1642,1554,1699
20446,6565,6496,6551,6180,6008
20447,15417,13734,15076,16754,17100
20448,1633,1818,2009,2301,2469
20449,3449,3163,3359,3028,3294
20450,9537,11113,12313,13040,13855
20451,1365,815,1053,902,1019
20452,4636,3825,4220,4109,4421
20453,2577,3642,3915,3808,3918
20454,2754,3187,3180,3024,3556
20455,2404,2261,2748,2658,2904
20456,1341,1496,1686,1488,1667
20457,3058,3089,3395,3167,3346
20458,1544,1386,1115,1001,1157
20459,4314,4209,4479,4500,4877
20460,4837,4979,5413,5112,5242
20461,725,543,614,532,527
20462,3988,4014,4350,4203,4600
20463,933,607,663,544,525
20464,601,419,480,360,341
20465,1200,1441,1568,1635,1636
20466,10675,11542,11917,13383,13880
20467,17922,17206,18383,19629,19112
20468,12682,12423,13568,14461,14198
20469,28118,33401,32927,37008,34735
20470,6336,4361,4693,4967,4394
20471,520,414,496,498,431
20472,2788,2716,3198,3404,3361
20473,1432,1282,1394,1320,1291
20474,3291,3021,3260,3368,3440
20475,8759,9198,9653,9930,10175
20476,397,265,409,400,421
20477,1674,1504,1430,1469,1327
20478,2422,1967,1913,1811,1599
20479,266,195,219,199,174
20480,1028,869,967,923,1351
20481,2876,2173,1966,1865,1898
20482,44193,44441,50309,54517,55840
20483,7937,8518,9542,10665,10886
20484,4469,3950,4207,4361,4458
20485,3234,2810,3031,3270,3134
20486,2306,2177,2469,2460,2419
20487,1721,1782,1945,2039,1966
20488,140,116,131,121,130
20489,4997,4708,4953,5100,4909
20490,2712,2781,3076,3160,2974
20491,3315,3929,4170,4533,4930
20492,3888,3348,3210,3012,2764
20493,506,472,553,534,545
20494,4330,4357,4894,4852,6300
20495,3267,2829,2884,3168,3029
20496,1762,1681,2171,1784,1893
20497,3130,3665,4122,4445,4233
20498,6599,5503,6665,7079,7593
20499,1725,1912,2021,2120,1922
20500,7544,7197,7883,8500,7991
20501,1173,742,940,960,998
20502,4963,4871,5515,5295,5089
20503,465,440,374,411,425
20504,1757,1486,1652,1689,1590
20505,7295,7299,7554,8127,7681
20506,755,747,782,775,798
20507,3347,3022,3224,3528,3155
20508,1488,1383,1521,1524,1618
20509,8725,8751,10547,11021,11384
20510,878,1582,877,674,760
20511,3430,3253,3610,3208,3335
20512,1125,962,913,901,1101
20513,7379,7583,8394,9357,9027
20514,950,863,997,1038,941
20515,53229,57163,61872,66290,67739
20516,4334,3992,4571,5218,5260
20517,4004,3714,5194,4995,6029
20518,160,146,153,137,113
20519,2834,2303,2790,3078,3386
20520,7308,6535,7153,7109,7393
20521,327,291,276,244,250
20522,1041,928,1213,1065,1205
20523,1565,1472,1609,1543,1633
20524,510,441,369,318,327
20525,10457,10716,11218,12458,12483
20526,14058,14504,15986,17926,16688
20527,2569,2647,2829,2651,2490
20528,1464,1125,1213,999,904
20529,1456,1322,1332,1415,1474
20530,3095,2885,3385,3712,3923
20531,1939,1878,2333,2691,2612
20532,4139,3789,4076,3811,4066
20533,1683,1853,2191,2208,2726
20534,4173,3378,3964,3988,3512
20535,3390,3154,2976,3043,3227
20536,519,469,493,425,449
20537,7786,6486,6747,6653,6710
20538,635,705,705,692,713
20539,3902,4187,5025,5760,6348
20540,6088,6638,7059,7915,8326
20541,1855,1581,1707,1657,1558
20542,874,739,746,847,887
20543,5306,5377,5561,6027,6386
20544,1747,1237,1106,1036,1032
20545,7476,8675,8966,10116,10099
20546,5562,5601,5638,5953,6392
20547,952,937,951,952,1005
20548,1573,1455,1734,1662,1960
20549,12346,11020,11319,11313,11465
20550,4724,4679,5076,5627,5764
20551,13507,16510,19625,23463,30254
20552,514,468,510,444,410
20553,6777,8378,9417,10542,12067
20554,5626,4780,5598,5513,5904
20555,2813,2809,2653,3124,3419
20556,316,235,249,271,306
20557,12140,12983,13970,15646,14542
20558,1507,1502,1543,1402,1376
20559,22886,21189,22446,23238,23067
20560,5594,5859,6174,6789,6467
20561,2256,2442,2683,2868,2954
20562,1305,1195,1458,1592,1682
20563,1413,1160,1308,1291,1245
20564,1259,1175,1292,1161,1195
20565,19247,28003,34101,44451,46464
20566,3184,3252,3034,3089,3144
20567,3433,3098,3133,3228,3382
20568,1563,1373,1514,1477,1695
20569,1958,1649,1707,1640,1454
20570,16801,18370,19215,20424,22093
21001,49462,53115,60353,66992,72894
21002,9199,8419,8916,9309,9170
21003,34765,32521,33865,36712,37955
21004,40439,46178,52078,60702,63743
21005,3074,2914,2881,3063,3070
21006,13058,13745,14754,15928,14542
21007,3795,3402,3403,3258,3162
21008,9087,9573,10457,11541,11439
21009,2614,1978,2008,1867,2207
21010,48642,54740,60621,67872,74768
21011,2004,1759,1770,1838,1885
21012,6632,6055,6288,6674,6591
21013,15811,17238,18920,21673,22629
21014,4704,5000,5004,4941,4812
21015,64315,78452,100964,120432,125876
21016,7664,7386,7848,8986,9021
21017,18565,22150,25386,29034,29742
21018,3732,3624,3734,3776,3859
21019,117111,122149,127062,137876,141793
21020,5782,6194,6426,7239,7704
21021,1310,1232,1228,1367,1512
21022,11933,11016,11684,12544,12857
21023,8104,8040,8408,9538,9051
21024,1302,935,947,925,976
21025,7704,7883,8153,8734,8208
21026,13571,13319,13730,14821,15271
21027,5104,4523,4177,3984,4128
21028,2160,2207,2476,2694,2758
21029,3931,3814,3791,3729,3811
21030,884,729,758,772,772
21031,3564,3105,2964,3015,2820
21032,1880,1356,1283,1412,1382
21033,4596,4492,4763,5028,5403
21034,27575,30255,34596,42223,46836
21035,18692,19764,19639,20940,20653
21036,12662,12614,14205,14311,14806
21037,2524,2242,2339,2282,2334
21038,6583,7183,8709,10354,10542
21039,8984,8497,9212,9575,9837
21040,7086,7720,9538,10535,12340
21041,46729,55456,79153,116188,137435
21042,3985,3221,3062,3244,3315
21043,45010,45781,47433,49195,49864
21044,14434,14367,15367,16147,17139
21045,38711,40871,43882,47887,47410
21046,5542,6196,6992,7955,8193
21047,21133,18480,19037,20702,21699
21048,17788,17167,18762,21006,22039
21049,12855,13562,15767,16997,17382
21050,20252,23072,24148,26630,26928
21051,36606,32825,33935,35357,37030
21052,1301,1149,1227,1167,1215
21053,49266,51536,57909,63705,66464
21054,21571,26087,30254,35042,35223
21055,5043,4562,4699,4649,5082
21056,1961,1246,1237,1387,1317
21057,7279,6687,7463,7963,6687
21058,17833,18303,19257,20528,21002
21059,2810,2264,2468,2301,2846
21060,5581,5597,6946,7626,7982
21061,10806,11347,12575,12916,14461
21062,4845,4268,4594,4989,4943
21063,13473,13398,13785,15308,14766
21064,16331,16013,16270,17126,17824
21065,15105,17447,19040,21110,22694
21066,7748,6355,6276,5924,6451
21067,14833,15041,16551,17423,18784
21068,8194,7560,7718,7750,7011
21069,28654,25425,25373,25600,29233
21070,8026,6540,6643,6450,6111
21071,83537,90846,97753,105905,103946
21072,16130,15616,15689,19121,17082
21073,9651,8332,8679,8711,9760
21074,50868,59822,63457,76401,90794
21075,10206,11105,11868,13206,13080
21076,28345,26115,26689,26675,27600
21077,5465,4661,5734,5350,5951
21078,11670,12088,13982,15488,15928
21079,4591,4862,5306,5521,5782
21080,2761,3039,2833,2628,2633
21081,4614,3602,3695,3746,4065
21082,6922,7458,8093,8957,8804
21083,28358,25160,25326,25118,25319
21084,6589,6745,6811,7135,6950
21085,70739,69413,72799,79687,82809
21086,13257,12070,12547,12352,12050
21087,12556,11771,12662,13431,13308
21088,4942,4678,4598,4607,4457
21089,13489,12749,12997,13069,12131
21090,14483,14814,18540,21884,23783
21091,9301,9616,10213,10873,9828
21092,5239,4977,5223,5315,5293
21093,9207,7772,7767,7987,7650
21094,25719,28333,31532,34763,37257
21095,722,426,484,488,650
21096,2396,2422,2633,2906,3176
21097,2044,2164,2216,2406,2668
21098,6229,5719,6218,6514,6668
21099,17779,17870,18954,19705,20659
21100,9613,9748,9707,10169,9310
21101,3617,3443,3598,3369,3317
21102,10644,10513,12011,12818,14075
21103,5375,5489,6009,6427,6644
21104,19033,24405,27292,31669,32772
21105,4945,4519,4825,4865,5077
21106,23619,21185,25720,29580,42669
21107,12609,12104,11641,11808,11993
21108,13769,14365,16575,18749,19903
21109,18326,18209,20618,22400,20274
21110,35812,39077,42887,47528,50226
21111,19401,18251,18435,18542,18528
21112,9680,9132,9382,9827,9350
21113,5948,4097,4585,4435,4627
21114,1346916,1485941,1539819,1619134,1692181
21115,38649,42479,47281,52532,57992
21116,19235,19609,21275,22688,22855
21117,14766,12945,14052,14583,15952
21118,20849,24151,25553,28232,30021
21119,56066,80118,100439,141412,154448
21120,4495,4518,5110,5736,5938
21121,1116,1281,1132,1229,1270
21122,8632,8497,9426,10732,11063
21123,4425,4309,4120,3923,3793
21124,13554,13386,14454,16135,15954
21125,6934,6981,8170,9214,9671
21126,5267,5226,5826,6431,6597
21127,4317,3843,3777,3524,3606
21128,6744,7414,8087,8985,10443
21129,11697,11883,12699,13514,14018
21130,3708,3315,3416,3454,3604
21131,815,765,872,882,975
21132,121071,130316,141112,155748,155738
21133,951,770,651,715,692
21134,16361,17069,19310,20682,20974
21135,727,574,586,491,526
21136,9350,10664,11598,12634,12461
21137,8334,8353,9185,10232,10464
21138,10009,9749,10777,12009,11780
21139,3441,3332,3554,3628,3759
21140,99794,113436,120459,132531,138433
21141,3711,3224,3395,3408,3488
21142,23342,25466,27622,31018,30639
21143,22649,23937,28419,32275,34880
21144,10631,12164,13541,15261,16790
21145,13219,12688,13534,14355,13189
21146,887,795,874,777,749
21147,6112,5646,5944,6433,6341
21148,8815,9192,8040,9574,11498
21149,14249,18486,21993,26090,30309
21150,6734,6291,7060,7330,6105
21151,7082,7511,8016,8752,9315
21152,11068,11115,11706,12532,12631
21153,16844,18181,20267,22592,23625
21154,59177,64380,71571,79049,80771
21155,6830,5068,5420,5656,6830
21156,226258,260923,274906,327158,327312
21157,12650,10320,11328,11495,12672
21158,7060,6721,6772,7120,6743
21159,4840,4220,4024,3801,3836
21160,3549,2971,3121,3234,3689
21161,16717,17093,19002,21148,22218
21162,4003,4118,4244,4050,4155
21163,14055,14866,16275,17951,18854
21164,62651,67157,74708,82574,84270
21165,1272,1215,1141,1153,1216
21166,8671,7465,8056,8708,8918
21167,9457,9442,10240,11808,10373
21168,6392,6263,6580,6996,7523
21169,18145,19156,20478,21168,22331
21170,15268,15814,16390,17415,19200
21171,2864,2976,3365,3635,3851
21172,25859,24459,25793,28726,27216
21173,5556,5548,5689,6049,6653
21174,81156,88970,92246,100177,103583
21175,9640,9689,9807,13171,14432
21176,8331,8194,8401,8807,9664
21177,42295,44579,48268,53842,54757
21178,17764,16797,17115,16840,15977
21179,25674,26787,28568,29770,31639
21180,31665,33831,36518,41217,41547
21181,5370,5676,6269,7309,7425
21182,4198,4623,4833,5095,5390
21183,18233,19010,19826,20466,20433
21184,6502,6034,6406,6632,6422
21185,8686,7994,8404,8748,10344
21186,47106,47151,51495,54844,55576
21187,6271,5324,5415,5442,4934
21188,17171,14954,17028,18449,19315
21189,17259,18205,19701,21791,22454
21190,1161,1089,1155,1204,1187
21191,11025,8520,9245,9401,9871
21192,6176,5857,5983,6430,5924
21193,6185,5758,6242,7252,6476
21194,25115,26465,27890,29709,28395
21195,21164,20391,24217,25335,26559
21196,1701,1333,1649,1555,1570
21197,70164,71454,75601,83267,80591
21198,1433,1234,1241,1213,1312
21199,30426,34575,37910,41055,42943
21200,4306,3873,3911,3437,3443
21201,3279,3041,3187,3378,3375
21202,11760,11744,12249,13048,13025
21203,5101,5387,6049,6529,7178
21204,6649,7152,7514,8125,7926
21205,19368,20875,22976,25712,26392
21206,4407,3915,4224,4509,4647
21207,49242,50447,53295,56721,57887
21208,69698,69833,76296,84631,87361
21209,8900,7774,8220,8693,8595
21210,5267,5178,5608,5605,5675
21211,13810,14452,15444,16579,16752
21212,19447,18567,19438,19580,20717
21213,13535,12227,12530,13536,11967
21214,13641,14574,15690,17287,18359
21215,4392,4369,4599,4988,4539
21216,2949,2625,2639,2497,2452
21217,19715,18688,20529,18814,20335
22001,54591,56457,62197,63091,66841
22002,27290,25325,27093,26357,27365
22003,12667,12493,12910,13625,13142
22004,51790,57204,64183,71232,69075
22005,46878,51625,58171,64476,67121
22006,74558,104218,143073,187897,212567
22007,27598,34729,38123,41834,45141
22008,29140,32728,35554,39145,36808
22009,22839,22025,25550,27593,27343
22010,19493,18905,19929,18440,18794
22011,71397,79743,116458,163909,231668
22012,49554,56553,63966,70512,77404
22013,16557,17007,18441,20575,19141
22014,641386,734139,801940,910105,1049777
22015,7665,7634,8865,9639,8359
22016,179668,208462,241699,276714,297804
22017,49969,54929,63413,72571,72201
22018,21266,23963,26372,28944,27916
23001,60091,73193,79535,88552,88626
23002,60365,65373,75026,83776,83990
23003,11313,13315,16203,20126,22686
23004,208164,219763,244553,229844,233648
23005,419815,572973,661176,750201,911503
23006,31052,32746,36179,38471,39165
23007,20411,22434,25333,27990,29171
23008,63752,135512,159310,220511,333800
23009,15759,23331,28263,34190,46721
23010,31728,30382,36545,40170,41754
23011,8510,13061,15994,21257,26921
24001,19192,17428,18644,18793,18974
24002,8781,7831,8186,8442,7785
24003,42782,45074,47423,49785,48359
24004,4889,4506,4436,4144,4013
24005,18824,17804,18937,18875,18317
24006,9889,9159,9716,9900,9579
24007,16153,16948,18485,19631,19840
24008,20703,20425,21394,21792,22075
24009,3404,3278,4021,4665,5050
24010,30603,29855,31323,33404,30320
24011,39944,41052,43528,46513,48106
24012,19904,20495,21039,20974,20300
24013,146604,156859,167713,180930,179371
24014,17352,17038,17015,15541,15660
24015,21070,20173,21138,21341,21814
24016,39687,38247,41529,44334,40899
24017,25359,24893,25985,26832,25119
24018,14289,14768,15311,16134,15334
24019,6538,5647,5774,5582,5453
24020,78187,82726,91522,101319,102199
24021,48392,48484,53442,58478,58469
24022,19904,18344,19327,19925,19036
24023,15790,14616,15707,15607,15301
24024,88991,85945,91924,96425,97943
24025,26405,26985,30190,32430,31107
24026,9363,9274,9390,9563,9382
24027,10493,9885,10171,10471,10215
24028,670532,730950,772604,846876,911908
24029,22373,21576,21347,21449,18468
24030,6793,5547,5466,5258,4779
24031,10830,10910,11835,12066,12163
24032,39066,37290,40326,40708,39880
24033,12755,11333,12043,12383,10785
24034,14107,13358,14958,15026,14945
24035,180296,226803,267839,317277,332072
24036,27390,26908,28848,30669,29184
24037,89074,93811,96820,94423,95037
24038,16008,15767,15838,15644,14348
24039,13722,13760,14274,15802,13603
24040,35087,35446,37956,39469,36968
24041,18137,19062,19312,20073,18208
24042,13354,13389,14382,15337,13448
24043,9582,8998,9024,9491,7966
24044,7533,7098,7902,7793,7557
24045,14205,13948,14492,14777,14188
24046,14623,14952,16316,18289,18206
24047,10378,9238,9779,9858,9277
24048,5135,4967,5350,5341,5298
24049,34432,34516,37928,38047,38389
24050,40602,42010,46898,50642,52912
24051,14989,13966,14876,15188,15458
24052,10956,9775,10174,10276,10304
24053,31405,32721,33245,38116,32544
24054,49578,50064,51498,53031,49741
24055,21962,22425,24596,26867,27386
24056,13747,14085,15528,15699,17258
24057,28319,29548,30299,31639,28996
24058,18898,18454,20495,22359,20959
25001,359146,388344,416299,457394,459310
25002,43827,42445,44993,47806,44093
25003,37757,32295,29999,32004,26542
25004,27815,27001,28493,27472,24899
25005,17269,17813,16697,16608,17012
25006,745537,793730,858638,926190,1003530
25007,29355,31763,32998,33353,29334
25008,49471,46462,42907,54852,55339
25009,50438,49655,54131,60471,59988
25010,89515,92585,97536,101913,96593
25011,277402,270260,285912,299966,289370
25012,380509,403888,438434,510956,501441
25013,50082,44217,45847,45795,40358
25014,47934,47394,49380,54591,52345
25015,73303,76537,79085,82374,79492
25016,26762,23355,22527,21676,19505
25017,85100,85017,88282,89521,78670
25018,145622,135681,135603,156634,149122
26001,2420,2452,2637,2788,2563
26002,61944,70303,79138,84705,91929
26003,25152,24493,25848,26045,24976
26004,7253,8357,9049,9720,9492
26005,1484,1280,1253,1174,1177
26006,3396,2959,3037,2720,2788
26007,718,734,625,596,626
26008,1348,1264,1252,1087,979
26009,943,767,784,810,759
26010,1366,1346,1467,1376,1221
26011,1496,1456,1646,1574,1475
26012,21322,20892,22821,23411,23151
26013,1484,1464,1646,1647,1825
26014,3724,3404,3560,3357,3191
26015,1377,1263,1454,1461,1169
26016,5732,5285,5275,5299,4988
26017,69516,70113,81309,87148,89122
26018,356290,375800,409310,439864,436484
26019,32061,32157,32936,36645,39451
26020,4984,4644,5347,4918,4946
26021,2306,1754,1663,2091,1848
26022,937,798,958,972,863
26023,6202,5776,6362,6188,5829
26024,825,681,813,734,753
26025,49987,50663,54131,56742,51431
26026,56129,55697,60717,64066,61309
26027,7801,7470,8639,8821,9041
26028,1235,938,1150,1076,1009
26029,130329,134153,149299,160385,156863
26030,609829,701838,784342,900825,936263
26031,1147,1223,1350,1247,1186
26032,966,865,962,907,888
26033,76296,74533,79313,81578,77682
26034,1142,1032,1154,942,943
26035,9988,10541,12316,12992,12536
26036,24447,25500,29707,31764,33049
26037,1584,1363,1350,1244,1101
26038,4187,4322,4680,5059,5173
26039,5370,6010,6401,6232,5774
26040,2236,1743,2051,2018,1531
26041,14365,11961,12751,14087,14369
26042,140650,144598,157729,166194,164387
26043,159787,193517,220292,239276,264782
26044,479,392,399,460,365
26045,2831,2634,2878,2674,2438
26046,402,409,443,384,496
26047,9236,9117,9468,9635,9122
26048,31157,44875,57342,63160,62689
26049,3335,3049,3356,2896,3090
26050,1591,1543,1599,1474,1496
26051,5432,5165,5226,5092,4830
26052,6400,5792,6020,5693,5257
26053,416,312,396,413,369
26054,279,242,492,566,537
26055,145006,157076,178380,196058,199021
26056,5626,6036,8382,9313,10729
26057,1703,1429,1604,1500,1458
26058,13526,14638,16014,16496,16203
26059,1628,1786,1998,1801,1835
26060,2257,2486,2703,1617,2058
26061,1649,1209,1284,1440,1368
26062,1175,1102,1121,1154,1114
26063,1539,1184,1365,1247,1178
26064,1756,1670,1731,1591,1381
26065,1798,1751,1735,1225,1473
26066,9565,8420,9185,8829,8548
26067,1986,1565,1738,1543,1429
26068,1590,1374,1254,1191,1043
26069,6069,6089,6046,6022,4793
26070,11278,12416,15652,16968,13627
26071,21813,20447,22009,22277,21692
26072,13692,13244,14136,14757,14279
27001,54265,53038,56739,61529,58524
27002,217261,219563,248481,262440,243229
27003,88218,92755,102110,112045,107731
27004,520308,558524,640359,697602,683607
27005,164637,173773,192802,206209,214877
27006,104360,112036,126416,141021,137257
27007,26951,26576,29518,31305,32181
27008,158573,163462,179285,192457,190885
27009,32840,33596,36391,38915,37749
27010,68746,72969,83356,89116,91185
27011,27807,28403,29511,31156,30798
27012,133985,142954,153132,168389,158601
27013,80272,86105,115066,141652,150300
27014,70764,78519,86620,96287,96741
27015,41296,42833,46302,49648,47905
27016,45834,49262,53555,59632,58718
27017,55712,55601,58960,61085,62310
28001,13306,11862,12070,12138,9822
28002,27997,27676,29470,29609,28725
28003,127664,162628,212001,240707,269790
28004,8915,8561,9003,9987,8850
28005,5183,4782,4589,4488,4256
28006,7520,7275,7636,8155,7542
28007,16787,17587,14933,16055,16546
28008,4537,4123,4423,4245,4143
28009,182325,193045,197216,212251,205933
28010,2333,2268,2011,1954,1671
28011,8570,8464,8786,9269,8288
28012,41455,40946,43435,44303,41470
28013,14499,14424,15659,15775,15032
28014,4366,3861,4477,4471,3803
28015,16246,15028,15775,15657,15677
28016,24281,23357,23793,22759,17012
28017,13184,14021,15105,15572,15994
28018,8510,8230,8338,8169,6375
28019,17620,17317,17333,16691,14645
28020,2830,2465,2579,2503,2048
28021,112602,112061,115792,118756,106144
28022,418141,462157,489193,529785,541979
28023,5337,4785,4530,4198,4280
28024,6788,6539,4762,4498,6385
28025,25704,24020,27015,27800,26237
28026,3176,3390,3514,3624,3704
28027,310915,355827,384033,407178,425058
28028,3067,3051,3381,3623,3810
28029,13303,12477,12962,14010,13190
28030,13677,12609,14020,14128,13618
28031,1821,1603,1795,1742,1917
28032,420463,526888,608891,659701,704767
28033,104229,106842,118259,129203,132484
28034,9577,9261,9331,8779,7411
28035,57412,57756,57220,56571,51405
28036,1055,1044,1031,1049,926
28037,24231,22826,24764,25711,23673
28038,295442,303924,297554,318287,297562
28039,27049,25687,27572,29943,28230
28040,58573,62193,63170,64934,60055
28041,263063,293044,321953,351658,349688
28042,7005,6457,6316,6206,5361
28043,22464,21877,22864,24014,22229
29001,7679,7878,9875,11408,11403
29002,11795,12268,13361,15661,16003
29003,5449,5487,6018,6774,7087
29004,13122,14333,15935,17616,18111
29005,67675,73097,76492,80512,80725
29006,37169,40790,44807,49638,51172
29007,12412,13926,15368,17654,17332
29008,10964,12601,13671,15734,16222
29009,4255,4340,5066,5427,5928
29010,57512,63300,66149,71765,73215
29011,4080,4010,4285,4789,4755
29012,7215,8019,8399,8905,9416
29013,66561,77076,84979,95319,98764
29014,12664,12705,13879,14940,15190
29015,30301,32574,35162,39222,38970
29016,5840,6279,6791,7263,7504
29017,8357,8573,9740,11183,11592
29018,28842,32341,35084,39205,38579
29019,14313,16368,18725,21607,22274
29020,6937,7553,8474,9699,9432
29021,14605,15672,16640,18556,18686
29022,4357,5081,5711,6087,6432
29023,21020,21863,23621,25690,26309
29024,23391,22368,25128,27833,28357
29025,54387,64107,69615,79310,82688
29026,12824,15193,17968,20914,24116
29027,10142,10632,11763,13132,12974
29028,17067,19435,21671,24979,25257
29029,9006,9176,11048,12387,13328
29030,11226,12629,13775,15120,15475
29031,21753,24737,28760,33499,35284
29032,10803,11474,12410,13724,13561
29033,73230,83748,89795,97480,99896
29034,33893,36506,39939,43663,45438
29035,4735,5033,5589,5997,6294
29036,16682,19606,20625,22346,22529
29037,7959,8229,8224,9174,9207
29038,9294,12571,14611,16821,18006
29039,16857,19642,21769,24537,25607
29040,7418,8474,9777,10515,10601
29041,22288,24616,26997,31226,33499
29042,10226,10732,12255,13971,14197
29043,21555,27860,33081,39383,42242
29044,31915,35316,38654,43817,45717
29045,4729,5157,5687,6186,6211
29046,3391,3791,4146,4680,4951
29047,2347,2548,2769,3199,3534
29048,13697,15046,16834,19310,19036
29049,4360,4480,5064,5712,5884
29050,9081,10029,9880,11204,11761
29051,3234,3066,3581,3868,4092
29052,4587,5118,5660,6084,6436
29053,5547,6577,6821,7690,7688
29054,4368,4817,5045,5750,5689
29055,2939,2623,2833,3196,3077
29056,5851,6074,6857,7961,7952
29057,3676,3860,4349,4666,4636
29058,6997,7306,7992,9051,9463
29059,4883,5379,6296,7369,7750
29060,3184,4118,4436,5136,5443
30001,7514,7558,8223,9006,9701
30002,2658,2893,3085,3215,3441
30003,78243,79459,83817,88252,80815
30004,39354,37867,40994,43976,41742
30005,5011,4732,5129,5430,5253
30006,17785,18689,20973,23344,23100
30007,5613,5660,6224,6536,6538
30008,8573,8988,9691,10358,10338
30009,27188,25893,28017,29333,28184
30010,53241,56962,60396,66510,64234
30011,49499,48178,51955,54005,57035
30012,7228,7155,7487,8109,7866
30013,26377,26119,27548,28655,26843
30014,36823,38287,42268,46241,46955
30015,32119,32960,33528,34275,33839
30016,23389,25409,25500,27451,28682
30017,3611,3534,4027,4114,4709
30018,1776,1616,1797,1958,1978
30019,5381,4846,5995,6663,6909
30020,8054,9038,9824,11144,11577
30021,22619,21530,22986,24249,23461
30022,16998,17960,20063,21775,22651
30023,48179,43570,48397,51578,49180
30024,13339,13594,14613,16109,16485
30025,20230,23431,25456,27146,27217
30026,16433,19170,21546,25287,25993
30027,16237,16446,16692,17806,16120
30028,135804,141906,138058,144609,144550
30029,11072,12466,12929,13184,13701
30030,39308,39002,41778,42988,41835
30031,14628,14444,16313,17372,18888
30032,45383,46702,48593,50430,49451
30033,23839,23059,23483,24096,24421
30034,24729,24739,25801,27121,25011
30035,11268,11013,11081,12239,11165
30036,7301,8294,9416,10681,11018
30037,6876,7243,7810,8675,8176
30038,73536,79787,86696,93695,93911
30039,267212,280363,305260,323757,310698
30040,39189,43106,48351,57685,55016
30041,1834,1958,2144,2279,2355
30042,6196,5813,5728,5810,5743
30043,17094,16870,18713,20173,19876
30044,177288,186623,196541,220786,204721
30045,54185,54518,57366,57909,54737
30046,15303,14724,15668,16603,16167
30047,42003,47013,52510,59471,59471
30048,97437,104970,117725,131672,130903
30049,18920,18821,19710,21408,22050
30050,14423,14942,15492,16991,16333
30051,21105,20843,21822,22961,23096
30052,10849,10930,11645,12409,11869
30053,23260,23209,26265,28389,28075
30054,11731,11416,11683,12626,11461
30055,12902,13067,12626,13697,13527
30056,6646,6811,6752,6786,6610
30057,12981,12516,13190,14591,13881
30058,58735,55373,54982,56614,53858
30059,14105,13960,15214,16826,22638
30060,14035,14143,15286,16978,16283
30061,73077,70092,77426,83086,81080
30062,15130,16549,18601,21425,20839
30063,15072,14549,14688,14721,13359
30064,3438,3371,3889,3951,4008
30065,44580,49476,61718,80002,85489
30066,23876,24823,25548,27701,26830
30067,10824,14426,16418,18708,19179
30068,46053,53311,59761,67234,66372
30069,26413,24322,24353,25141,24085
30070,18205,17395,18277,19817,18275
30071,46477,49081,54561,61596,59920
30072,18093,19313,20765,21757,21796
30073,39795,38175,41649,43895,41670
30074,5733,6232,6750,7342,7293
30075,17753,17370,17121,17344,16525
30076,12956,13319,13575,13680,13377
30077,38847,38422,42205,44005,42807
30078,12863,12664,12713,13734,12379
30079,9517,9933,10724,11621,11387
30080,19945,19404,21407,23381,23132
30081,11914,15644,21150,25431,27295
30082,13294,14015,14903,16052,15831
30083,49216,48609,49820,54783,50836
30084,6047,5669,5727,5870,5574
30085,56896,60605,65385,70218,74004
30086,33399,37791,40747,45330,46794
30087,390590,413136,457928,488958,488531
30088,4416,4690,4940,5089,5054
30089,37764,37200,39673,42122,38669
30090,9969,9772,10376,11529,11132
30091,25424,24069,27080,29822,28524
30092,28762,32200,35188,38892,39623
30093,13025,13653,15313,16938,16585
30094,33495,34389,37193,39480,38367
30095,18971,16360,16387,16112,15059
30096,1432,1549,1546,1564,1543
30097,20161,18640,20141,19890,19123
30098,2327,2649,2920,3106,3299
30099,14709,14813,16898,18395,18327
30100,20580,20374,22585,23809,23918
30101,28622,30509,33941,37963,38670
30102,119166,97768,101358,112072,108842
30103,10345,11256,11808,12556,12799
30104,15210,13633,17333,17577,17134
30105,35171,38840,59126,77621,95202
30106,3807,4083,4429,4770,4841
30107,2582,2824,2897,2967,2934
30108,153001,151983,157840,159104,144776
30109,60771,59980,62919,65363,65761
30110,8368,9572,10387,11862,12125
30111,16755,15883,16120,17719,16493
30112,18097,18885,20255,22223,22835
30113,4038,4324,4507,4638,4614
30114,9798,10023,9974,10990,10130
30115,30945,31818,34688,38473,37314
30116,13282,13637,14784,16996,17027
30117,22085,21620,22561,24385,23773
30118,118593,117289,120995,127832,123182
30119,5236,5562,5250,5791,5651
30120,12137,12759,14965,16044,10343
30121,24394,23190,23276,23582,22756
30122,14071,14621,15909,17797,18051
30123,90657,91006,97290,101877,96185
30124,170304,152863,158599,163590,159910
30125,26567,27331,29165,32400,31894
30126,30791,29828,32576,33921,33442
30127,17980,18930,23648,27390,28258
30128,54365,61272,68982,74225,77432
30129,17509,17670,17888,18426,18053
30130,49388,38125,40984,39837,39327
30131,152838,181438,193311,202642,189457
30132,14161,15036,17958,20075,20300
30133,50329,52593,55358,58581,57909
30134,18999,20148,21603,22882,23544
30135,14730,17473,20245,23538,24127
30136,5342,5966,7023,8213,8343
30137,4195,4835,5484,5949,6308
30138,39327,40018,40634,42587,41795
30139,5684,5753,5908,6240,6126
30140,2214,2488,2715,2977,3134
30141,142343,148447,157364,167310,162428
30142,32645,30826,33435,34391,32631
30143,54539,54939,56427,58357,57085
30144,27958,28813,31974,33225,32400
30145,11467,12456,14395,16634,16574
30146,3105,3183,3502,3732,3925
30147,16392,19189,21380,23584,24578
30148,27198,26807,27008,28228,28130
30149,27486,28104,32596,35670,34385
30150,11589,11269,11211,11933,11631
30151,26306,23984,23588,23412,21902
30152,12643,11971,12242,12467,11561
30153,6254,5844,5873,5886,5795
30154,13455,13248,12814,13127,11991
30155,94829,97949,101743,105037,99959
30156,4881,5273,5584,5876,6041
30157,19551,18424,18663,20361,20145
30158,25681,24258,25126,24285,24551
30159,17640,20406,23479,26933,29686
30160,102946,100790,104499,106512,107270
30161,36359,33107,34956,36305,34408
30162,5900,5646,6247,6772,6448
30163,5603,4995,5222,5261,5040
30164,14900,15130,16327,16765,16957
30165,7844,7618,8249,8580,8925
30166,8455,8703,9004,9806,9405
30167,13754,13672,13949,14966,14619
30168,11958,12206,14648,15331,16343
30169,24506,22920,23999,23277,22709
30170,9051,9733,10627,11100,10824
30171,4642,4740,5292,5385,5575
30172,19066,18114,20199,21159,19925
30173,51006,47878,52584,57714,54537
30174,89382,86075,94087,107293,95602
30175,81088,80923,89774,97721,92726
30176,4642,4428,4632,5004,4489
30177,8899,9420,10299,11628,11685
30178,14946,13845,13284,13603,12898
30179,3624,3529,3965,3920,4284
30180,11067,10729,11276,11771,10900
30181,36610,35442,37037,38460,37795
30182,11484,13855,16311,19066,19664
30183,51877,54321,58084,62931,61377
30184,6263,6554,7151,7847,7933
30185,3955,4536,4879,5354,5548
30186,6092,6250,6763,6998,7197
30187,4839,5293,5696,5784,6105
30188,14952,15016,16403,17693,17217
30189,126616,134394,143362,163955,154600
30190,2210,2126,2177,2226,2258
30191,27684,26909,29005,31036,30097
30192,18771,18507,19541,20593,20204
30193,457377,512310,552156,619514,607209
30194,7991,9573,10851,11991,12492
30195,4401,4641,5163,5558,5900
30196,16389,15547,17462,18183,17902
30197,12500,11446,11357,12245,11205
30198,6993,6717,6784,7279,6788
30199,8945,9909,10720,11567,11899
30200,12339,11980,12379,13574,12581
30201,39814,39156,41923,44638,45028
30202,12339,13091,13866,14851,14644
30203,12607,12455,13434,15242,14524
30204,44100,44322,46010,48603,44104
30205,18446,18392,19128,19785,19402
30206,27218,26804,27094,30467,29209
30207,44215,42855,45095,47309,44978
30208,22858,21962,22907,24881,23376
30209,12488,12350,14297,15827,15044
30210,23461,24906,27346,29989,30891
30211,29120,28291,29277,30144,30351
30212,11605,7639,12409,12743,13062
31001,5230,5976,6356,6641,6550
31002,13166,14312,15337,16509,16772
31003,9413,9765,10362,11609,12285
31004,5095,5357,5701,5960,6195
31005,1974,1958,2053,2235,2167
31006,7959,8379,8637,9092,9159
31007,6286,6399,6811,7394,7490
31008,3916,3839,4095,4072,3949
31009,4743,4738,4696,4670,4466
31010,2085,2283,2407,2588,2755
31011,6065,6269,6831,8042,8389
31012,3445,3540,3701,3964,3736
31013,7620,8495,9143,11650,16671
31014,1313,1503,1595,1618,1714
31015,4387,4800,4966,5312,5560
31016,2369,2577,2818,3087,3104
31017,4016,4340,4464,4686,4686
31018,2800,2922,3035,3231,3385
31019,25085,30023,33490,37783,38934
31020,3503,3848,4113,4568,4497
31021,6561,7439,7952,8607,9406
31022,3511,4045,4162,4267,4363
31023,4057,4339,4530,4799,4863
31024,2868,2937,3148,3379,3244
31025,4316,4587,4941,5511,6003
31026,3150,3263,3489,3738,3622
31027,7877,8165,8133,8362,8345
31028,2414,2248,2463,2815,2936
31029,5854,5841,5905,6257,6240
31030,3413,3443,3540,3877,4015
31031,2723,2782,2772,2676,2818
31032,12666,14432,15571,16451,16779
31033,16864,18125,19072,20647,21255
31034,5312,5824,6061,6243,6514
31035,5477,5586,5697,6125,6384
31036,6112,6951,7257,7858,8090
31037,4227,4497,4841,5331,5250
31038,25979,28100,30731,33324,35137
31039,3226,3598,3803,4167,4186
31040,23006,24334,25980,27477,28555
31041,39191,51774,78709,100654,141939
31042,5130,5362,5502,5575,5553
31043,2248,2556,2761,3203,3405
31044,5534,5964,6571,7355,7530
31045,2184,2217,2449,2581,2677
31046,2720,2697,2888,3285,3296
31047,4664,4867,5250,5775,5968
31048,18804,20830,21704,23178,23991
31049,2484,2972,3269,3793,3965
31050,705055,781146,830732,917217,995129
31051,2684,2915,3071,3299,3430
31052,29485,31547,33978,36961,37804
31053,11449,11763,12336,13036,13494
31054,2537,2627,2755,2908,2990
31055,5279,5619,6285,6949,7080
31056,25483,27084,29325,32016,33854
31057,7802,7543,7461,7955,7766
31058,21284,22386,24159,25845,25954
31059,48797,49454,53958,60776,66008
31060,993,965,942,980,976
31061,3061,3272,3438,3606,3974
31062,3909,4272,4589,4927,4962
31063,4354,4764,5008,5260,5631
31064,1452,1526,1619,1714,1701
31065,1838,1838,1839,1996,2118
31066,3489,3617,3833,4143,4220
31067,8275,8997,9276,9949,10053
31068,3039,2972,3126,3161,3206
31069,7633,8081,8449,9098,8967
31070,3874,3714,3930,4006,3971
31071,1527,1560,1689,1762,1949
31072,1847,1768,1876,1807,1857
31073,3193,3891,4447,5265,5854
31074,3505,3501,3609,3728,3774
31075,4866,5602,6205,6712,6921
31076,14380,15438,16200,17996,17939
31077,2310,2464,2606,2672,2683
31078,3889,3780,3683,3860,3747
31079,34802,37454,40547,43495,45062
31080,8464,9163,9884,10497,11020
31081,2660,2933,3100,3292,3355
31082,3302,3404,3557,3770,3512
31083,1594,1626,1726,1826,1915
31084,6396,6764,6817,7351,7037
31085,12274,14008,14801,15904,16680
31086,2126,2091,2226,2172,2133
31087,4201,4468,4725,5256,5464
31088,1926,1968,1977,1955,1917
31089,32776,35621,37685,41034,40495
31090,5883,6351,6833,7526,7503
31091,9533,9960,11421,12241,12700
31092,5289,6173,6665,7353,7888
31093,15281,16151,17176,18204,18420
31094,4012,4329,4746,4952,5444
31095,4840,5001,5388,5538,5690
31096,64104,69553,73138,79453,80672
31097,3528,3421,3464,3603,3684
31098,12577,13564,14011,15128,15346
31099,2976,2997,3782,4154,4191
31100,2909,3057,3469,3780,4049
31101,49145,53268,50993,57194,69147
31102,56776,68863,74217,82322,85460
31103,2824,2935,3236,3552,3451
31104,13243,13909,14802,15586,16350
31105,2371,2656,2868,3182,3293
31106,2067,2056,2137,2269,2215
32001,7371,5898,6314,6218,6260
32002,4976,4801,5005,4843,4942
32003,3199,2738,2692,2466,2277
32004,4368,3904,4372,4100,4493
32005,31897,36106,39917,46140,45759
32006,8522,7893,8239,8550,8255
32007,11728,11857,12803,13145,12115
32008,10824,11272,11915,12896,13466
32009,11927,10519,10565,11555,10086
32010,183236,196538,213139,236032,240532
32011,3547,2964,3013,2968,3362
32012,7974,7369,8104,8347,8168
32013,5486,5639,5894,6467,6644
32014,23112,21021,21974,22138,20191
32015,2018,1619,1609,1206,1579
32016,21689,21398,22346,23677,23526
32017,109066,129387,159991,193017,211740
32018,5254,4239,4306,4192,4547
32019,23470,22909,23557,24646,25296
32020,54757,52594,57610,60353,59910
32021,5235,4855,4584,4370,4465
32022,19387,18498,20543,22112,19749
32023,12669,11603,12284,12859,12251
32024,39921,43411,48365,54525,53709
32025,11418,10982,12234,13550,13184
32026,17860,15589,17813,17827,17774
32027,2720,2506,2662,2984,2736
32028,3004,2475,2584,2528,2451
32029,21671,20683,22296,24295,23713
32030,2916,2684,2529,2460,2446
32031,9702,8855,8929,9288,8683
32032,9755,10543,11493,12650,13207
32033,5704,4600,4563,4060,4530
32034,29282,26195,27932,28313,27945
32035,13814,13197,15607,17159,16284
32036,38219,37545,40740,44378,44144
32037,13985,14897,16875,17994,17577
32038,64415,66174,69844,74549,72241
32039,59330,57708,62693,65186,64535
32040,20775,19333,21533,22696,21844
32041,3101,2866,2710,2504,2509
32042,61652,58201,61188,63748,63665
32043,1346,1235,1360,1357,1365
32044,15681,14806,15656,15859,16588
32045,8972,7965,8215,8998,8321
32046,8446,7080,7090,7176,6490
32047,9174,5279,5506,5485,5356
32048,23456,21636,25493,27215,27302
32049,35048,32499,33323,33252,32461
32050,7228,8358,9353,10018,10276
32051,32125,30420,34328,35915,34623
32052,14443,16540,18269,19163,19525
32053,11870,11856,12893,13368,13208
32054,15746,17195,18490,19554,19446
32055,32140,28760,29395,30923,31558
32056,123899,132035,138176,149266,149607
32057,13080,15362,16934,19861,20455
32058,3283,2601,2821,2715,2767
