"version","cohorte","n_cohorte","n_mca","eig1","pct_inercia1","ncp_imput","r_signo","signo"
"act",1,5090,5090,0.236827809634987,23.6827809634987,NA,-0.99508653154786,-1
"act",2,4511,4511,0.244482869888512,24.4482869888512,NA,0.99311230325093,1
"act",3,3688,3688,0.231968692279644,23.1968692279645,NA,0.996752181072045,1
"act",4,2969,2969,0.229861572080363,22.9861572080363,NA,0.993377178653982,1
"or_ceey",1,5090,4655,0.281709967341282,28.1709967341282,NA,-0.998058456962837,-1
"or_ceey",2,4511,4139,0.296212121557001,29.6212121557001,NA,0.999144403575572,1
"or_ceey",3,3688,3381,0.299040573807535,29.9040573807535,NA,0.995356541306164,1
"or_ceey",4,2969,2749,0.319042969164366,31.9042969164367,NA,-0.992677518396176,-1
"or_na",1,5090,4461,0.283474551842803,28.3474551842803,NA,-0.998215820034511,-1
"or_na",2,4511,3988,0.297978012412765,29.7978012412765,NA,0.998993960077279,1
"or_na",3,3688,3272,0.299558909355,29.9558909355,NA,0.99492834589403,1
"or_na",4,2969,2671,0.316980943235572,31.6980943235572,NA,-0.991988224991161,-1
"or_imp",1,5090,5090,0.279947727675418,28.2155827808839,10,-0.99686771383482,-1
"act_sinfiltro",1,5575,5575,0.236325245809834,23.6325245809834,NA,-0.995322197280648,-1
"act_sinfiltro",2,4855,4855,0.243440889035285,24.3440889035285,NA,0.993201249239335,1
"act_sinfiltro",3,4001,4001,0.231360766331224,23.1360766331224,NA,0.997174087600774,1
"act_sinfiltro",4,3358,3358,0.23194873934435,23.194873934435,NA,0.993521985712124,1
"or_na_sinfiltro",1,5575,4881,0.28615833456213,28.6158334562131,NA,-0.998320561520723,-1
"or_na_sinfiltro",2,4855,4269,0.296226752219647,29.6226752219647,NA,0.999021082111566,1
"or_na_sinfiltro",3,4001,3520,0.2988449513214,29.88449513214,NA,0.995400194166386,1
"or_na_sinfiltro",4,3358,3014,0.318946445159032,31.8946445159032,NA,-0.991658126702491,-1
