"activo","n_na","pct_na"
"ac_or1_na",5,0.0982318271119843
"ac_or2_na",75,1.47347740667976
"ac_or3_na",9,0.176817288801572
"ac_or4_na",13,0.255402750491159
"ac_or5_na",6,0.117878192534381
"ac_or6_na",9,0.176817288801572
"ac_or7_na",1,0.0196463654223969
"ac_or8_na",16,0.31434184675835
"ac_or9_na",13,0.255402750491159
"ac_or10_na",1,0.0196463654223969
"ac_or11_na",26,0.510805500982318
"ac_or12_na",17,0.333988212180747
"ac_or13_na",58,1.13948919449902
"ac_or14_na",31,0.609037328094303
"ac_or15_na",0,0
"ac_or16_na",11,0.216110019646365
"ac_or17_na",362,7.11198428290766
"ac_or18_na",274,5.38310412573674
"ac_or19_na",25,0.491159135559921
"hac_or_na",0,0
