"q","n","variable","pct"
1,3599736.15766907,"q_act_c1",20.014783982984
2,3597593.89468765,"q_act_c1",20.002872851465
3,3596155.92705536,"q_act_c1",19.9948776511852
4,3597149.85989571,"q_act_c1",20.000403987067
5,3594750.16700363,"q_act_c1",19.9870615272987
1,3248778.86118317,"q_or_c1_na",20.0004726343606
2,3252419.31273651,"q_or_c1_na",20.0228843634381
3,3264206.63690567,"q_or_c1_na",20.095450722846
4,3232059.78330421,"q_or_c1_na",19.8975448963157
5,3246045.84972763,"q_or_c1_na",19.9836473830396
1,102657580,"q_act_nac_ceey",20.0001441696432
2,102661300,"q_act_nac_ceey",20.0008689143363
3,102740150,"q_act_nac_ceey",20.0162307742962
4,102631160,"q_act_nac_ceey",19.9949969237315
5,102594010,"q_act_nac_ceey",19.9877592179927
1,102693520,"q_or_nac_ceey",20.007146138533
2,102673530,"q_or_nac_ceey",20.0032516099268
3,102655440,"q_or_nac_ceey",19.9997272466209
4,102690860,"q_or_nac_ceey",20.0066279071127
5,102570850,"q_or_nac_ceey",19.9832470978066
