ent,municipios,fuera_nucleo,ue_fuera,anio
01,11,0,0.0,2003
02,5,0,0.0,2003
03,5,0,0.0,2003
04,11,0,0.0,2003
05,38,6,113.0,2003
06,10,0,0.0,2003
07,117,9,154.0,2003
08,67,17,321.0,2003
09,16,0,0.0,2003
10,39,2,44.0,2003
11,46,1,21.0,2003
12,78,1,17.0,2003
13,84,5,111.0,2003
14,124,1,28.0,2003
15,125,0,0.0,2003
16,113,0,0.0,2003
17,33,0,0.0,2003
18,20,1,17.0,2003
19,51,6,131.0,2003
20,570,251,3973.0,2003
21,217,13,273.0,2003
22,18,0,0.0,2003
23,8,0,0.0,2003
24,58,5,103.0,2003
25,18,0,0.0,2003
26,72,22,381.0,2003
27,17,0,0.0,2003
28,43,4,72.0,2003
29,60,1,21.0,2003
30,210,11,205.0,2003
31,106,3,68.0,2003
32,57,3,67.0,2003
01,11,0,0.0,2008
02,5,0,0.0,2008
03,5,0,0.0,2008
04,11,0,0.0,2008
05,38,5,122.0,2008
06,10,0,0.0,2008
07,117,5,112.0,2008
08,67,11,223.0,2008
09,16,0,0.0,2008
10,39,1,19.0,2008
11,46,0,0.0,2008
12,81,0,0.0,2008
13,84,4,103.0,2008
14,125,0,0.0,2008
15,125,0,0.0,2008
16,113,0,0.0,2008
17,33,0,0.0,2008
18,20,1,17.0,2008
19,51,4,87.0,2008
20,570,171,3019.0,2008
21,217,11,241.0,2008
22,18,0,0.0,2008
23,9,0,0.0,2008
24,58,4,66.0,2008
25,18,0,0.0,2008
26,72,21,408.0,2008
27,17,0,0.0,2008
28,43,3,44.0,2008
29,60,0,0.0,2008
30,212,5,93.0,2008
31,106,2,36.0,2008
32,58,2,48.0,2008
01,11,0,0.0,2013
02,5,0,0.0,2013
03,5,0,0.0,2013
04,11,0,0.0,2013
05,38,4,89.0,2013
06,10,0,0.0,2013
07,117,1,25.0,2013
08,67,9,181.0,2013
09,16,0,0.0,2013
10,39,1,24.0,2013
11,46,1,29.0,2013
12,81,0,0.0,2013
13,84,1,29.0,2013
14,125,0,0.0,2013
15,125,0,0.0,2013
16,113,0,0.0,2013
17,33,0,0.0,2013
18,20,1,24.0,2013
19,51,5,94.0,2013
20,570,132,2581.0,2013
21,217,7,151.0,2013
22,18,0,0.0,2013
23,10,0,0.0,2013
24,58,3,39.0,2013
25,18,0,0.0,2013
26,72,19,331.0,2013
27,17,0,0.0,2013
28,43,3,45.0,2013
29,60,0,0.0,2013
30,212,3,59.0,2013
31,106,0,0.0,2013
32,58,0,0.0,2013
01,11,0,0.0,2018
02,5,0,0.0,2018
03,5,0,0.0,2018
04,11,0,0.0,2018
05,38,4,94.0,2018
06,10,0,0.0,2018
07,123,1,19.0,2018
08,67,9,180.0,2018
09,16,0,0.0,2018
10,39,3,73.0,2018
11,46,1,28.0,2018
12,81,0,0.0,2018
13,84,0,0.0,2018
14,125,0,0.0,2018
15,125,0,0.0,2018
16,113,0,0.0,2018
17,35,0,0.0,2018
18,20,0,0.0,2018
19,51,5,105.0,2018
20,570,97,1818.0,2018
21,217,4,90.0,2018
22,18,0,0.0,2018
23,11,0,0.0,2018
24,58,2,41.0,2018
25,18,0,0.0,2018
26,72,14,251.0,2018
27,17,0,0.0,2018
28,43,3,45.0,2018
29,60,0,0.0,2018
30,212,2,44.0,2018
31,106,0,0.0,2018
32,58,0,0.0,2018
01,11,0,0.0,2023
02,7,0,0.0,2023
03,5,0,0.0,2023
04,13,0,0.0,2023
05,38,4,93.0,2023
06,10,0,0.0,2023
07,118,7,68.0,2023
08,67,6,110.0,2023
09,16,0,0.0,2023
10,39,1,23.0,2023
11,46,0,0.0,2023
12,85,1,9.0,2023
13,84,0,0.0,2023
14,125,0,0.0,2023
15,125,0,0.0,2023
16,113,1,29.0,2023
17,36,0,0.0,2023
18,20,0,0.0,2023
19,51,4,85.0,2023
20,570,89,1737.0,2023
21,217,3,68.0,2023
22,18,0,0.0,2023
23,11,0,0.0,2023
24,58,1,14.0,2023
25,18,0,0.0,2023
26,72,10,173.0,2023
27,17,0,0.0,2023
28,43,2,25.0,2023
29,60,0,0.0,2023
30,212,2,43.0,2023
31,106,0,0.0,2023
32,58,1,27.0,2023
