anio,size,desglose,sector,quintil_ue_mun,pct_suprimida
2003,123599,anio,,,65.55150122573808
2008,142505,anio,,,64.22090452966562
2013,150143,anio,,,62.75883657579774
2018,162966,anio,,,61.7515309941951
2023,173034,anio,,,60.8198388755967
2003,853,sector,11,,68.81594372801875
2003,761,sector,21,,83.96846254927726
2003,2292,sector,22,,99.65095986038395
2003,1972,sector,23,,80.98377281947262
2003,10819,sector,31,,72.03992975321194
2003,6814,sector,32,,74.22952744349868
2003,8309,sector,33,,75.01504392827056
2003,7791,sector,43,,67.57797458606085
2003,28684,sector,46,,46.46144191883977
2003,4756,sector,48,,77.14465937762826
2003,786,sector,49,,85.6234096692112
2003,2197,sector,51,,89.03049613108784
2003,2005,sector,52,,85.13715710723191
2003,4069,sector,53,,72.3519292209388
2003,4947,sector,54,,64.68566808166565
2003,78,sector,55,,91.02564102564102
2003,3556,sector,56,,70.61304836895388
2003,2862,sector,61,,75.19217330538085
2003,7437,sector,62,,71.92416296893909
2003,4203,sector,71,,73.85201046871282
2003,5743,sector,72,,59.39404492425562
2003,12665,sector,81,,59.139360442163444
2008,1154,sector,11,,77.12305025996534
2008,724,sector,21,,86.60220994475138
2008,2273,sector,22,,99.03211614606248
2008,2576,sector,23,,79.93012422360249
2008,13273,sector,31,,71.27250809914865
2008,7937,sector,32,,72.45810759732898
2008,9636,sector,33,,73.67164798671648
2008,9775,sector,43,,66.1074168797954
2008,31790,sector,46,,43.475935828877006
2008,3549,sector,48,,87.03860242321781
2008,674,sector,49,,91.54302670623146
2008,2858,sector,51,,87.7886634009797
2008,2912,sector,52,,78.22802197802197
2008,4632,sector,53,,72.77633851468049
2008,5694,sector,54,,64.12012644889357
2008,37,sector,55,,83.78378378378379
2008,4427,sector,56,,66.29771854529027
2008,3463,sector,61,,72.01848108576378
2008,9660,sector,62,,70.74534161490683
2008,4739,sector,71,,71.89280438911163
2008,6371,sector,72,,56.882749960759696
2008,14351,sector,81,,57.543028360393
2013,1327,sector,11,,79.12584777694047
2013,731,sector,21,,89.46648426812585
2013,2287,sector,22,,98.42588543944032
2013,2792,sector,23,,81.87679083094555
2013,14357,sector,31,,70.47433307794108
2013,8486,sector,32,,71.55314635870846
2013,10086,sector,33,,72.84354550862582
2013,10228,sector,43,,64.5776300351975
2013,34091,sector,46,,42.12255433985509
2013,3630,sector,48,,86.61157024793388
2013,481,sector,49,,90.02079002079002
2013,2741,sector,51,,90.87924115286393
2013,3121,sector,52,,75.13617430310798
2013,4754,sector,53,,67.7114009255364
2013,5757,sector,54,,63.59214868855306
2013,68,sector,55,,80.88235294117648
2013,4715,sector,56,,65.25980911983032
2013,3510,sector,61,,71.33903133903134
2013,10219,sector,62,,69.25335159996085
2013,5193,sector,71,,71.65414981706142
2013,6691,sector,72,,54.012853086235246
2013,14878,sector,81,,54.738540126361066
2018,1624,sector,11,,79.12561576354679
2018,773,sector,21,,89.52134540750323
2018,2376,sector,22,,98.14814814814815
2018,3119,sector,23,,79.60884899006092
2018,16587,sector,31,,68.72852233676976
2018,9511,sector,32,,70.53937545999369
2018,10913,sector,33,,72.106661779529
2018,11241,sector,43,,63.6776087536696
2018,35635,sector,46,,39.567840606145644
2018,4268,sector,48,,84.46579194001875
2018,628,sector,49,,92.03821656050955
2018,2837,sector,51,,91.57560803665844
2018,3034,sector,52,,74.29136453526698
2018,5465,sector,53,,70.0274473924977
2018,6457,sector,54,,61.6695059625213
2018,74,sector,55,,86.48648648648648
2018,5012,sector,56,,67.17877094972067
2018,3687,sector,61,,70.11120151885001
2018,11130,sector,62,,67.088948787062
2018,5319,sector,71,,71.59240458732845
2018,7067,sector,72,,54.95967171359841
2018,16209,sector,81,,52.976741316552534
2023,1637,sector,11,,80.08552229688455
2023,713,sector,21,,86.81626928471248
2023,2392,sector,22,,97.61705685618729
2023,3139,sector,23,,81.49092067537433
2023,17856,sector,31,,66.55465949820788
2023,10643,sector,32,,70.65676970778915
2023,11432,sector,33,,71.4223233030091
2023,12009,sector,43,,64.16021317345324
2023,37442,sector,46,,37.13743923935687
2023,4490,sector,48,,84.63251670378618
2023,1049,sector,49,,89.51382268827454
2023,2838,sector,51,,93.30514446793516
2023,3112,sector,52,,74.83933161953728
2023,6125,sector,53,,69.04489795918367
2023,6980,sector,54,,61.48997134670488
2023,79,sector,55,,91.13924050632912
2023,5023,sector,56,,72.60601234322118
2023,3775,sector,61,,68.68874172185431
2023,12204,sector,62,,63.675843985578496
2023,5386,sector,71,,71.81581878945414
2023,7345,sector,72,,54.690265486725664
2023,17365,sector,81,,52.012669162107684
2003,3995,quintil_ue_mun,,1.0,97.52190237797247
2003,10625,quintil_ue_mun,,2.0,90.01411764705882
2003,18992,quintil_ue_mun,,3.0,79.3544650379107
2003,29671,quintil_ue_mun,,4.0,67.59462101041422
2003,60316,quintil_ue_mun,,5.0,53.7734597784999
2008,5687,quintil_ue_mun,,1.0,96.55354316863021
2008,13667,quintil_ue_mun,,2.0,87.99297578107851
2008,23099,quintil_ue_mun,,3.0,76.17645785531842
2008,34476,quintil_ue_mun,,4.0,65.08585682793827
2008,65576,quintil_ue_mun,,5.0,51.79638892277663
2013,6652,quintil_ue_mun,,1.0,94.88875526157547
2013,15246,quintil_ue_mun,,2.0,84.3696707333071
2013,24834,quintil_ue_mun,,3.0,74.10807763549971
2013,36608,quintil_ue_mun,,4.0,62.68575174825175
2013,66803,quintil_ue_mun,,5.0,50.448333158690474
2018,7711,quintil_ue_mun,,1.0,93.95668525483076
2018,17370,quintil_ue_mun,,2.0,83.37938975244674
2018,27623,quintil_ue_mun,,3.0,71.43684610650544
2018,39670,quintil_ue_mun,,4.0,60.6352407360726
2018,70592,quintil_ue_mun,,5.0,49.74926337262013
2023,8547,quintil_ue_mun,,1.0,92.92149292149293
2023,19496,quintil_ue_mun,,2.0,81.46799343455068
2023,29926,quintil_ue_mun,,3.0,69.24079395843079
2023,42243,quintil_ue_mun,,4.0,58.528040148663685
2023,72822,quintil_ue_mun,,5.0,49.393040564664524
