anio,regla,ramas_excluidas,n_excluidas,ya_fuera_del_nucleo_por_P_MIN
2003,R1,2111 5211,2,5211
2003,R2,2211 2212 2213,3,
2003,R3,2111 2121 2122 2123 2131,5,2121
2003,R4,2111 2121 2122 2123 2131 2211 2212 2213 5211,9,2121 5211
2008,R1,2111 5211 5232,3,5211 5232
2008,R2,2211 2212 2213,3,2212
2008,R3,2111 2121 2122 2123 2131,5,2121
2008,R4,2111 2121 2122 2123 2131 2211 2212 2213 5211 5232,10,2121 2212 5211 5232
2013,R1,2111 5211 5232,3,5211 5232
2013,R2,2211 2212 2213,3,2211 2212
2013,R3,2111 2121 2122 2123 2131,5,2121
2013,R4,2111 2121 2122 2123 2131 2211 2212 2213 5211 5232,10,2121 2211 2212 5211 5232
2018,R1,2111 5211 5232,3,5211 5232
2018,R2,2211 2212 2213,3,2212
2018,R3,2111 2121 2122 2123 2131,5,
2018,R4,2111 2121 2122 2123 2131 2211 2212 2213 5211 5232,10,2212 5211 5232
2023,R1,2111 5211 5232,3,5211 5232
2023,R2,2211 2212 2213,3,2212
2023,R3,2111 2121 2122 2123 2131,5,2121
2023,R4,2111 2121 2122 2123 2131 2211 2212 2213 5211 5232,10,2121 2212 5211 5232
