spearman_base,pct_cambia_quintil,mun_fuera_nucleo,mun_sin_ice,emovi_n,emovi_fuera_nucleo,emovi_sin_ice,emovi_fuera_nucleo_pct_pond,anio,especificacion,n_mun_nucleo,n_ramas_nucleo,componentes,lambda2,lambda3,fitness_iteraciones,fitness_ranking_estable
0.9983396891572293,4.944830404577033,67,0,1336,3,5,0.15520523488521576,2003,umbral_U10_D3_P5,2380.0,269.0,1.0,0.3679857465060903,0.13894953305762164,,
0.9983026703254284,5.026563138536984,67,0,1336,3,5,0.15520523488521576,2003,umbral_U10_D3_P10,2380.0,262.0,1.0,0.3662312633410452,0.13834217433103213,,
0.9987596134042818,4.822231303637107,67,0,1336,3,5,0.15520523488521576,2003,umbral_U10_D3_P20,2380.0,254.0,1.0,0.36405207943307266,0.13797958250870104,,
0.9985238410663463,4.127503064977524,110,0,1336,3,5,0.15520523488521576,2003,umbral_U10_D5_P5,2337.0,269.0,1.0,0.36638800019213547,0.13757618533542215,,
0.9984962795405538,4.290968532897425,110,0,1336,3,5,0.15520523488521576,2003,umbral_U10_D5_P10,2337.0,262.0,1.0,0.36456589189046756,0.13700112964770722,,
0.999010527055287,4.25010216591745,110,0,1336,3,5,0.15520523488521576,2003,umbral_U10_D5_P20,2337.0,254.0,1.0,0.3624211696460047,0.13664066636763175,,
0.9984509020800353,2.2885165508786267,347,0,1336,11,5,1.6647733449935913,2003,umbral_U10_D10_P5,2100.0,269.0,1.0,0.3560049707446576,0.12922059944931635,,
0.998440433319347,2.2885165508786267,347,0,1336,11,5,1.6647733449935913,2003,umbral_U10_D10_P10,2100.0,262.0,1.0,0.35412158920157377,0.12880077553604286,,
0.9992182872175743,2.0841847159787497,348,0,1336,11,5,1.6647733449935913,2003,umbral_U10_D10_P20,2099.0,254.0,1.0,0.35190163343949943,0.12838098997480454,,
0.99868166157512,0.6538618716796076,361,0,1336,14,5,1.0505974292755127,2003,umbral_U30_D3_P5,2086.0,269.0,1.0,0.3556170792344943,0.1316909069597654,,
0.9999989156550633,0.08173273395995095,361,0,1336,14,5,1.0505974292755127,2003,umbral_U30_D3_P10,2086.0,261.0,1.0,0.3535804974486124,0.13130978883243766,,
0.9999862745190368,0.2451982018798529,361,0,1336,14,5,1.0505974292755127,2003,umbral_U30_D3_P20,2086.0,254.0,1.0,0.3512518525733583,0.1309454852259774,,
0.9986805825536292,0.5721291377196567,362,0,1336,14,5,1.0505974292755127,2003,umbral_U30_D5_P5,2085.0,269.0,1.0,0.3555996110289905,0.13167167749777808,,
0.9999999999999999,0.0,362,0,1336,14,5,1.0505974292755127,2003,umbral_U30_D5_P10,2085.0,261.0,1.0,0.35357624302303675,0.13129676143107402,,
0.9999866389703184,0.08173273395995095,362,0,1336,14,5,1.0505974292755127,2003,umbral_U30_D5_P20,2085.0,254.0,1.0,0.3512339017112447,0.13092623003436538,,
0.9981414108707419,2.2885165508786267,417,0,1336,17,5,2.167553663253784,2003,umbral_U30_D10_P5,2030.0,269.0,1.0,0.3532642891063546,0.1285290484794937,,
0.9995098195781597,1.9615856150388231,417,0,1336,17,5,2.167553663253784,2003,umbral_U30_D10_P10,2030.0,261.0,1.0,0.35124488964582445,0.12813289085088356,,
0.9994862072300691,1.9615856150388231,417,0,1336,17,5,2.167553663253784,2003,umbral_U30_D10_P20,2030.0,254.0,1.0,0.34891655524409537,0.1276845055475107,,
0.9918448405424958,10.420923579893747,877,0,1336,45,5,3.1298868656158447,2003,umbral_U100_D3_P5,1570.0,269.0,1.0,0.3253174212504976,0.12743980425120133,,
0.9935886901696163,10.257458111973845,877,0,1336,45,5,3.1298868656158447,2003,umbral_U100_D3_P10,1570.0,261.0,1.0,0.323070473456347,0.12729212480847796,,
0.9935444302231867,10.339190845933796,877,0,1336,45,5,3.1298868656158447,2003,umbral_U100_D3_P20,1570.0,254.0,1.0,0.32044972404597877,0.1267942384949954,,
0.9918448405424958,10.420923579893747,877,0,1336,45,5,3.1298868656158447,2003,umbral_U100_D5_P5,1570.0,269.0,1.0,0.3253174212504976,0.12743980425120133,,
0.9935886901696163,10.257458111973845,877,0,1336,45,5,3.1298868656158447,2003,umbral_U100_D5_P10,1570.0,261.0,1.0,0.323070473456347,0.12729212480847796,,
0.9935444302231867,10.339190845933796,877,0,1336,45,5,3.1298868656158447,2003,umbral_U100_D5_P20,1570.0,254.0,1.0,0.32044972404597877,0.1267942384949954,,
0.9919083574394395,10.257458111973845,884,0,1336,47,5,4.132028102874756,2003,umbral_U100_D10_P5,1563.0,269.0,1.0,0.3250443560843882,0.12580888509449453,,
0.9936738292649683,10.175725378013894,884,0,1336,47,5,4.132028102874756,2003,umbral_U100_D10_P10,1563.0,261.0,1.0,0.32274009144278537,0.12566121700720656,,
0.9936265734471048,10.093992644053944,884,0,1336,47,5,4.132028102874756,2003,umbral_U100_D10_P20,1563.0,254.0,1.0,0.3201676495909101,0.12508015636454986,,
0.9999959246975789,0.08173273395995095,362,0,1336,14,5,1.0505974292755127,2003,excluye_R1,2085.0,260.0,1.0,0.35348519541357887,0.13120319311922427,,
0.9968990730045048,6.497752349816101,374,0,1336,14,5,1.0505974292755127,2003,excluye_R2,2073.0,258.0,1.0,0.34522229961647266,0.1342821647011078,,
0.9991719978098507,1.7981201471189212,363,0,1336,14,5,1.0505974292755127,2003,excluye_R3,2084.0,257.0,1.0,0.3549915099077009,0.13177033840402502,,
0.9963688258345855,6.742950551695954,375,0,1336,14,5,1.0505974292755127,2003,excluye_R4,2072.0,254.0,1.0,0.3463037473918976,0.13488945194229246,,
0.9679194421703399,23.825091949325707,378,0,1336,14,5,1.0505974292755127,2003,clase,2069.0,778.0,1.0,0.3985018421088684,0.13801179961272947,,
0.9576747872447945,28.034327748263177,362,0,1336,14,5,1.0505974292755127,2003,fitness,2085.0,261.0,1.0,,,1086.0,True
0.9999999999999999,0.0,362,0,1336,14,5,1.0505974292755127,2003,ramas_comunes,,,,,,,
0.9989775006523276,3.5030549898167007,27,0,2340,0,3,0.0,2008,umbral_U10_D3_P5,2428.0,274.0,1.0,0.35366432215080834,0.13975430963751256,,
0.9989663573590277,3.5030549898167007,27,0,2340,0,3,0.0,2008,umbral_U10_D3_P10,2428.0,270.0,1.0,0.3529682529642613,0.1396244017578279,,
0.9990622334760094,3.7474541751527495,28,0,2340,0,3,0.0,2008,umbral_U10_D3_P20,2427.0,258.0,1.0,0.3499110803704394,0.13912284290441324,,
0.999037013462054,3.1771894093686353,39,0,2340,0,3,0.0,2008,umbral_U10_D5_P5,2416.0,274.0,1.0,0.35333806696889963,0.1391954389237778,,
0.9990244135927158,3.2586558044806515,39,0,2340,0,3,0.0,2008,umbral_U10_D5_P10,2416.0,270.0,1.0,0.35264038439612055,0.13906815872501183,,
0.9991255223536838,3.6659877800407332,40,0,2340,0,3,0.0,2008,umbral_U10_D5_P20,2415.0,258.0,1.0,0.349563002223776,0.138519724479492,,
0.9990728098725103,1.8329938900203666,209,0,2340,10,3,0.7537411451339722,2008,umbral_U10_D10_P5,2246.0,274.0,1.0,0.3465776874492115,0.13021573449015594,,
0.9996049613313955,1.5478615071283095,209,0,2340,10,3,0.7537411451339722,2008,umbral_U10_D10_P10,2246.0,269.0,1.0,0.3458452970593912,0.13015205953980044,,
0.999488402807883,1.8737270875763747,209,0,2340,10,3,0.7537411451339722,2008,umbral_U10_D10_P20,2246.0,258.0,1.0,0.34264516796873673,0.1294802079171876,,
0.9988915569889882,0.3258655804480652,250,0,2340,10,3,0.6477119326591492,2008,umbral_U30_D3_P5,2205.0,274.0,1.0,0.34474646360275424,0.13380753939992115,,
1.0,0.0,250,0,2340,10,3,0.6477119326591492,2008,umbral_U30_D3_P10,2205.0,269.0,1.0,0.3439129734048932,0.1337155701718012,,
0.9998879831389678,0.6517311608961304,250,0,2340,10,3,0.6477119326591492,2008,umbral_U30_D3_P20,2205.0,258.0,1.0,0.3407412835754204,0.13330912924483881,,
0.9988915569889882,0.3258655804480652,250,0,2340,10,3,0.6477119326591492,2008,umbral_U30_D5_P5,2205.0,274.0,1.0,0.34474646360275424,0.13380753939992115,,
1.0,0.0,250,0,2340,10,3,0.6477119326591492,2008,umbral_U30_D5_P10,2205.0,269.0,1.0,0.3439129734048932,0.1337155701718012,,
0.9998879831389678,0.6517311608961304,250,0,2340,10,3,0.6477119326591492,2008,umbral_U30_D5_P20,2205.0,258.0,1.0,0.3407412835754204,0.13330912924483881,,
0.9986270246137778,1.5885947046843176,283,0,2340,13,3,0.9600048065185547,2008,umbral_U30_D10_P5,2172.0,274.0,1.0,0.3434019650540127,0.12957017467907156,,
0.9997641336251519,1.2219959266802443,283,0,2340,13,3,0.9600048065185547,2008,umbral_U30_D10_P10,2172.0,269.0,1.0,0.34259166436133354,0.12946012783734068,,
0.9996701536522558,1.5478615071283095,283,0,2340,13,3,0.9600048065185547,2008,umbral_U30_D10_P20,2172.0,258.0,1.0,0.33933474027357263,0.12881023981778186,,
0.9921909365805782,10.386965376782078,706,0,2340,62,3,3.476576328277588,2008,umbral_U100_D3_P5,1749.0,274.0,1.0,0.3205860566764512,0.12993414916889295,,
0.9936225813249233,10.264765784114054,706,0,2340,62,3,3.476576328277588,2008,umbral_U100_D3_P10,1749.0,269.0,1.0,0.3196611121315409,0.12990194902823837,,
0.9936310125969137,10.264765784114054,706,0,2340,62,3,3.476576328277588,2008,umbral_U100_D3_P20,1749.0,258.0,1.0,0.3162224871589669,0.12946779479791842,,
0.9921909365805782,10.386965376782078,706,0,2340,62,3,3.476576328277588,2008,umbral_U100_D5_P5,1749.0,274.0,1.0,0.3205860566764512,0.12993414916889295,,
0.9936225813249233,10.264765784114054,706,0,2340,62,3,3.476576328277588,2008,umbral_U100_D5_P10,1749.0,269.0,1.0,0.3196611121315409,0.12990194902823837,,
0.9936310125969137,10.264765784114054,706,0,2340,62,3,3.476576328277588,2008,umbral_U100_D5_P20,1749.0,258.0,1.0,0.3162224871589669,0.12946779479791842,,
0.9923622578214695,10.468431771894092,711,0,2340,62,3,3.476576328277588,2008,umbral_U100_D10_P5,1744.0,274.0,1.0,0.32056084383249994,0.12828932307576665,,
0.9937975350847877,10.34623217922607,711,0,2340,62,3,3.476576328277588,2008,umbral_U100_D10_P10,1744.0,269.0,1.0,0.31959445063915787,0.1282623773043358,,
0.9938026663523792,10.183299389002038,711,0,2340,62,3,3.476576328277588,2008,umbral_U100_D10_P20,1744.0,258.0,1.0,0.31609500072267893,0.12779811140093214,,
0.9999954453613412,0.1629327902240326,250,0,2340,10,3,0.6477119326591492,2008,excluye_R1,2205.0,268.0,1.0,0.3438544536887229,0.13359874551485856,,
0.997461203373376,5.213849287169043,263,0,2340,11,3,0.8091545701026917,2008,excluye_R2,2192.0,267.0,1.0,0.3363426494314229,0.13915466731688378,,
0.9993067371196815,1.9551934826883912,251,0,2340,10,3,0.6477119326591492,2008,excluye_R3,2204.0,265.0,1.0,0.34478083412456306,0.13387808579969204,,
0.9969849451812296,5.7026476578411405,263,0,2340,11,3,0.8091545701026917,2008,excluye_R4,2192.0,263.0,1.0,0.3374351141804634,0.13938855648777743,,
0.9711093864481257,21.751527494908352,279,0,2340,13,3,0.8390614986419678,2008,clase,2176.0,807.0,1.0,0.3848685420367691,0.13607339316759506,,
0.9493403571878511,29.694501018329937,250,0,2340,10,3,0.6477119326591492,2008,fitness,2205.0,269.0,1.0,,,1121.0,True
0.9996884151904825,0.7331975560081466,250,0,2340,10,3,0.6477119326591492,2008,ramas_comunes,,,,,,,
0.9993163966173167,3.257328990228013,20,0,1883,0,7,0.0,2013,umbral_U10_D3_P5,2436.0,272.0,1.0,0.34558079331271074,0.13806066469328473,,
0.9993053098610237,3.257328990228013,20,0,1883,0,7,0.0,2013,umbral_U10_D3_P10,2436.0,268.0,1.0,0.34471863717597534,0.13780594321235834,,
0.9992528982675996,3.420195439739414,20,0,1883,0,7,0.0,2013,umbral_U10_D3_P20,2436.0,255.0,1.0,0.3406501272274143,0.1366198614677045,,
0.9993610417301871,3.175895765472313,28,0,1883,1,7,0.07679374516010284,2013,umbral_U10_D5_P5,2428.0,272.0,1.0,0.3452796500035026,0.13615080678840888,,
0.9993527592663091,3.257328990228013,28,0,1883,1,7,0.07679374516010284,2013,umbral_U10_D5_P10,2428.0,268.0,1.0,0.3444306370736296,0.13592030402384728,,
0.999298245668605,3.257328990228013,28,0,1883,1,7,0.07679374516010284,2013,umbral_U10_D5_P20,2428.0,255.0,1.0,0.3403288182913449,0.13468148888228906,,
0.999538853471818,1.506514657980456,145,0,1883,3,7,0.2862834334373474,2013,umbral_U10_D10_P5,2311.0,272.0,1.0,0.3402734088199776,0.12727167001859546,,
0.9998507593161593,1.4657980456026058,147,0,1883,3,7,0.2862834334373474,2013,umbral_U10_D10_P10,2309.0,267.0,1.0,0.3393512426257306,0.12707210966645427,,
0.9996933098803443,1.7915309446254073,147,0,1883,3,7,0.2862834334373474,2013,umbral_U10_D10_P20,2309.0,255.0,1.0,0.3350405070180523,0.12590024017316043,,
0.9992489218749173,0.32573289902280134,188,0,1883,7,7,0.5111343264579773,2013,umbral_U30_D3_P5,2268.0,272.0,1.0,0.3388063272149606,0.12962123504687992,,
0.9999855913479258,0.08143322475570033,188,0,1883,7,7,0.5111343264579773,2013,umbral_U30_D3_P10,2268.0,267.0,1.0,0.33783991856581175,0.1294513618017348,,
0.9998421439336845,0.40716612377850164,188,0,1883,7,7,0.5111343264579773,2013,umbral_U30_D3_P20,2268.0,255.0,1.0,0.33347147627647156,0.12846967645396584,,
0.999253607845923,0.32573289902280134,190,0,1883,8,7,0.587928056716919,2013,umbral_U30_D5_P5,2266.0,272.0,1.0,0.3387160368910948,0.12833383968188736,,
1.0,0.0,190,0,1883,8,7,0.587928056716919,2013,umbral_U30_D5_P10,2266.0,267.0,1.0,0.33773548982049995,0.128176408834157,,
0.9998558745982513,0.4885993485342019,190,0,1883,8,7,0.587928056716919,2013,umbral_U30_D5_P20,2266.0,255.0,1.0,0.33336731540349945,0.12713942192264946,,
0.9991405613267238,0.8143322475570033,218,0,1883,8,7,0.587928056716919,2013,umbral_U30_D10_P5,2238.0,272.0,1.0,0.33742032962883667,0.12501182251701637,,
0.999903957439894,0.6514657980456027,218,0,1883,8,7,0.587928056716919,2013,umbral_U30_D10_P10,2238.0,267.0,1.0,0.3364638991480582,0.1248424812446889,,
0.9997782462436551,0.9771986970684038,218,0,1883,8,7,0.587928056716919,2013,umbral_U30_D10_P20,2238.0,255.0,1.0,0.3320937921367049,0.12379201813130933,,
0.9928279865071674,9.853420195439739,619,0,1883,40,7,2.369706869125366,2013,umbral_U100_D3_P5,1837.0,272.0,1.0,0.3167343300791364,0.12039821712436247,,
0.9939444893686096,9.690553745928339,619,0,1883,40,7,2.369706869125366,2013,umbral_U100_D3_P10,1837.0,267.0,1.0,0.31569604949799035,0.12034284880750036,,
0.9939466148634963,9.527687296416937,619,0,1883,40,7,2.369706869125366,2013,umbral_U100_D3_P20,1837.0,255.0,1.0,0.31083047833940575,0.11977453845368403,,
0.992832352519911,9.81270358306189,620,0,1883,41,7,2.446500539779663,2013,umbral_U100_D5_P5,1836.0,272.0,1.0,0.3166958602415459,0.11994776273868038,,
0.9939498128260773,9.690553745928339,620,0,1883,41,7,2.446500539779663,2013,umbral_U100_D5_P10,1836.0,267.0,1.0,0.31566229726106887,0.11989456706899158,,
0.9939546721415593,9.690553745928339,620,0,1883,41,7,2.446500539779663,2013,umbral_U100_D5_P20,1836.0,255.0,1.0,0.3107835635817549,0.11931662727414369,,
0.9927736365336886,9.89413680781759,626,0,1883,41,7,2.446500539779663,2013,umbral_U100_D10_P5,1830.0,272.0,1.0,0.3164905633352226,0.11902282080136091,,
0.9939008413914884,9.690553745928339,626,0,1883,41,7,2.446500539779663,2013,umbral_U100_D10_P10,1830.0,267.0,1.0,0.31544304856240707,0.11896503499433171,,
0.9939478339449765,9.609120521172638,626,0,1883,41,7,2.446500539779663,2013,umbral_U100_D10_P20,1830.0,255.0,1.0,0.3105720248778543,0.11838949072356124,,
0.9997956851839807,0.16286644951140067,190,0,1883,8,7,0.587928056716919,2013,excluye_R1,2266.0,266.0,1.0,0.33755314181080814,0.12813874613864937,,
0.9978098099541963,5.130293159609121,203,0,1883,8,7,0.587928056716919,2013,excluye_R2,2253.0,266.0,1.0,0.33052267857653655,0.13166293995941059,,
0.9994401572831872,1.3843648208469055,191,0,1883,8,7,0.587928056716919,2013,excluye_R3,2265.0,263.0,1.0,0.3384891217459463,0.12824728863814847,,
0.9973607797181655,5.211726384364821,203,0,1883,8,7,0.587928056716919,2013,excluye_R4,2253.0,262.0,1.0,0.3313970935417297,0.13162439491739408,,
0.9713698356780173,22.231270358306187,190,0,1883,8,7,0.587928056716919,2013,clase,2266.0,818.0,1.0,0.3847579016070798,0.1292451505852569,,
0.947149683954114,29.84527687296417,190,0,1883,8,7,0.587928056716919,2013,fitness,2266.0,267.0,1.0,,,1345.0,True
0.9997420998702476,0.40716612377850164,190,0,1883,8,7,0.587928056716919,2013,ramas_comunes,,,,,,,
0.999518871684606,2.3529411764705883,11,0,0,0,0,,2018,umbral_U10_D3_P5,2454.0,276.0,1.0,0.3401558161047225,0.13054743497043783,,
0.9995067273856193,2.434077079107505,11,0,0,0,0,,2018,umbral_U10_D3_P10,2454.0,269.0,1.0,0.3387389405432923,0.1300982975953578,,
0.9989324441730228,2.6774847870182557,11,0,0,0,0,,2018,umbral_U10_D3_P20,2454.0,264.0,1.0,0.3376310364087136,0.1299452292377568,,
0.9995324725303376,2.3529411764705883,15,0,0,0,0,,2018,umbral_U10_D5_P5,2450.0,276.0,1.0,0.3399474558595017,0.13007677194646441,,
0.9995216429690892,2.3529411764705883,15,0,0,0,0,,2018,umbral_U10_D5_P10,2450.0,269.0,1.0,0.33853053203120687,0.12962803697236008,,
0.9989460618435521,2.5152129817444218,15,0,0,0,0,,2018,umbral_U10_D5_P20,2450.0,264.0,1.0,0.3374199865364422,0.12948482860247457,,
0.9997292361321825,1.5415821501014197,106,0,0,0,0,,2018,umbral_U10_D10_P5,2359.0,276.0,1.0,0.3362306476474816,0.1220541805770897,,
0.9997297416772848,1.5415821501014197,106,0,0,0,0,,2018,umbral_U10_D10_P10,2359.0,269.0,1.0,0.33474691316432326,0.12169208838724267,,
0.9990890830366533,1.6227180527383367,106,0,0,0,0,,2018,umbral_U10_D10_P20,2359.0,264.0,1.0,0.3335247006518534,0.12162811327791241,,
0.999997800758628,0.2434077079107505,145,0,0,0,0,,2018,umbral_U30_D3_P5,2320.0,276.0,1.0,0.3347009681221566,0.12505447055681163,,
1.0,0.0,145,0,0,0,0,,2018,umbral_U30_D3_P10,2320.0,269.0,1.0,0.33323864373692924,0.12470667546799116,,
0.9993066981707206,0.486815415821501,145,0,0,0,0,,2018,umbral_U30_D3_P20,2320.0,264.0,1.0,0.33192986250791645,0.1246101855619652,,
0.999997800758628,0.2434077079107505,145,0,0,0,0,,2018,umbral_U30_D5_P5,2320.0,276.0,1.0,0.3347009681221566,0.12505447055681163,,
1.0,0.0,145,0,0,0,0,,2018,umbral_U30_D5_P10,2320.0,269.0,1.0,0.33323864373692924,0.12470667546799116,,
0.9993066981707206,0.486815415821501,145,0,0,0,0,,2018,umbral_U30_D5_P20,2320.0,264.0,1.0,0.33192986250791645,0.1246101855619652,,
0.9999092077850588,0.8113590263691683,170,0,0,0,0,,2018,umbral_U30_D10_P5,2295.0,276.0,1.0,0.3334579381258655,0.12069763280139068,,
0.9999147615705567,0.8113590263691683,170,0,0,0,0,,2018,umbral_U30_D10_P10,2295.0,269.0,1.0,0.33197908706445206,0.12038226243459296,,
0.9992231398174729,0.973630831643002,170,0,0,0,0,,2018,umbral_U30_D10_P20,2295.0,264.0,1.0,0.3305871868787215,0.12032322579920522,,
0.995176154330681,8.438133874239352,553,0,0,0,0,,2018,umbral_U100_D3_P5,1912.0,276.0,1.0,0.3136548273761852,0.11572294197747156,,
0.9952064782238299,8.438133874239352,553,0,0,0,0,,2018,umbral_U100_D3_P10,1912.0,269.0,1.0,0.3120446407248385,0.11560150960347959,,
0.9946018406732133,8.356997971602434,553,0,0,0,0,,2018,umbral_U100_D3_P20,1912.0,262.0,1.0,0.31030014558082497,0.11561635681760046,,
0.995176154330681,8.438133874239352,553,0,0,0,0,,2018,umbral_U100_D5_P5,1912.0,276.0,1.0,0.3136548273761852,0.11572294197747156,,
0.9952064782238299,8.438133874239352,553,0,0,0,0,,2018,umbral_U100_D5_P10,1912.0,269.0,1.0,0.3120446407248385,0.11560150960347959,,
0.9946018406732133,8.356997971602434,553,0,0,0,0,,2018,umbral_U100_D5_P20,1912.0,262.0,1.0,0.31030014558082497,0.11561635681760046,,
0.9951598494996559,8.519269776876268,558,0,0,0,0,,2018,umbral_U100_D10_P5,1907.0,276.0,1.0,0.31346003056335736,0.11477419678333847,,
0.9951926482403816,8.519269776876268,558,0,0,0,0,,2018,umbral_U100_D10_P10,1907.0,269.0,1.0,0.3118390096618215,0.1146719154345805,,
0.9945905969014769,8.600405679513184,558,0,0,0,0,,2018,umbral_U100_D10_P20,1907.0,262.0,1.0,0.3100131575620566,0.11465234969976325,,
0.9999975243512423,0.16227180527383367,145,0,0,0,0,,2018,excluye_R1,2320.0,268.0,1.0,0.33309732170967443,0.12471048200342888,,
0.9982300938074751,3.7728194726166326,152,0,0,0,0,,2018,excluye_R2,2313.0,267.0,1.0,0.32683492900293926,0.12776483872825217,,
0.9988306301134345,1.460446247464503,145,0,0,0,0,,2018,excluye_R3,2320.0,264.0,1.0,0.3339358365382329,0.12463176780439643,,
0.9973894668416877,4.016227180527383,152,0,0,0,0,,2018,excluye_R4,2313.0,262.0,1.0,0.32735418832518526,0.1277534746350299,,
0.9698613378736325,23.975659229208926,145,0,0,0,0,,2018,clase,2320.0,836.0,1.0,0.3752923387972865,0.12388059899682602,,
0.9454193918685639,27.870182555780932,145,0,0,0,0,,2018,fitness,2320.0,269.0,1.0,,,586.0,True
0.9995935962180471,0.8924949290060852,145,0,0,0,0,,2018,ramas_comunes,,,,,,,
0.9996856480290907,1.7820980153908466,21,0,0,0,0,,2023,umbral_U10_D3_P5,2448.0,276.0,1.0,0.33174419613645184,0.12576516193101794,,
0.999768961179844,1.7820980153908466,21,0,0,0,0,,2023,umbral_U10_D3_P10,2448.0,271.0,1.0,0.3308676704503289,0.12557451793513624,,
0.9997371220740285,1.863102470635885,21,0,0,0,0,,2023,umbral_U10_D3_P20,2448.0,265.0,1.0,0.32921151028804807,0.1253022017348087,,
0.9997126523490678,1.6200891049007695,24,0,0,0,0,,2023,umbral_U10_D5_P5,2445.0,276.0,1.0,0.33159100378824147,0.12476846969073563,,
0.999797966705701,1.6200891049007695,24,0,0,0,0,,2023,umbral_U10_D5_P10,2445.0,271.0,1.0,0.33071638539070314,0.12457397106073766,,
0.9997680729952426,1.701093560145808,24,0,0,0,0,,2023,umbral_U10_D5_P20,2445.0,265.0,1.0,0.32905503791411583,0.12430274809189182,,
0.999773611790958,0.9720534629404617,94,0,0,0,0,,2023,umbral_U10_D10_P5,2375.0,276.0,1.0,0.3287147068516996,0.1195597493203974,,
0.9998895326381515,1.0530579181855002,94,0,0,0,0,,2023,umbral_U10_D10_P10,2375.0,271.0,1.0,0.3278226193179066,0.11940941039384645,,
0.9998637266498226,1.1340623734305386,94,0,0,0,0,,2023,umbral_U10_D10_P20,2375.0,265.0,1.0,0.32613142299047965,0.11919440904043707,,
0.9997034053427762,0.16200891049007696,131,0,0,0,0,,2023,umbral_U30_D3_P5,2338.0,276.0,1.0,0.3270251743201782,0.12113208892993471,,
0.9999994187732724,0.0,131,0,0,0,0,,2023,umbral_U30_D3_P10,2338.0,271.0,1.0,0.3260654779124818,0.1209936058885494,,
0.9999737060682453,0.24301336573511542,131,0,0,0,0,,2023,umbral_U30_D3_P20,2338.0,265.0,1.0,0.32438652586832967,0.12078806429255641,,
0.999703689179148,0.16200891049007696,132,0,0,0,0,,2023,umbral_U30_D5_P5,2337.0,276.0,1.0,0.3269817589365039,0.12079380870179927,,
1.0,0.0,132,0,0,0,0,,2023,umbral_U30_D5_P10,2337.0,271.0,1.0,0.326021673724279,0.12065584488320485,,
0.9999743167948206,0.24301336573511542,132,0,0,0,0,,2023,umbral_U30_D5_P20,2337.0,265.0,1.0,0.32434206426449264,0.12045128607465398,,
0.9996267208875141,0.5670311867152693,149,0,0,0,0,,2023,umbral_U30_D10_P5,2320.0,276.0,1.0,0.3261046286342249,0.11807562399884233,,
0.9999341236510741,0.48602673147023084,149,0,0,0,0,,2023,umbral_U30_D10_P10,2320.0,271.0,1.0,0.3251309626966423,0.11795514942159208,,
0.9999108737846775,0.6480356419603078,149,0,0,0,0,,2023,umbral_U30_D10_P20,2320.0,265.0,1.0,0.32340332819161005,0.1177591944911126,,
0.9965978902076529,7.2498987444309435,474,0,0,0,0,,2023,umbral_U100_D3_P5,1995.0,276.0,1.0,0.3100916914175055,0.11349895380550461,,
0.9970755676863073,7.047387606318348,474,0,0,0,0,,2023,umbral_U100_D3_P10,1995.0,271.0,1.0,0.3090584955514795,0.11345455101219386,,
0.997040564123864,7.209396516808425,474,0,0,0,0,,2023,umbral_U100_D3_P20,1995.0,265.0,1.0,0.3072398737522518,0.11333781308252033,,
0.9965978902076529,7.2498987444309435,474,0,0,0,0,,2023,umbral_U100_D5_P5,1995.0,276.0,1.0,0.3100916914175055,0.11349895380550461,,
0.9970755676863073,7.047387606318348,474,0,0,0,0,,2023,umbral_U100_D5_P10,1995.0,271.0,1.0,0.3090584955514795,0.11345455101219386,,
0.997040564123864,7.209396516808425,474,0,0,0,0,,2023,umbral_U100_D5_P20,1995.0,265.0,1.0,0.3072398737522518,0.11333781308252033,,
0.9965290064688552,7.168894289185905,479,0,0,0,0,,2023,umbral_U100_D10_P5,1990.0,276.0,1.0,0.30989672864808254,0.11264395172550812,,
0.9970072157420604,7.209396516808425,479,0,0,0,0,,2023,umbral_U100_D10_P10,1990.0,271.0,1.0,0.3088551974856503,0.11260350107244495,,
0.9969844649811939,7.209396516808425,479,0,0,0,0,,2023,umbral_U100_D10_P20,1990.0,265.0,1.0,0.30702321419030165,0.11248411304227433,,
0.999995046417478,0.08100445524503848,132,0,0,0,0,,2023,excluye_R1,2337.0,270.0,1.0,0.3259471097046215,0.12061737259448703,,
0.9980876738237597,4.902755267423014,138,0,0,0,0,,2023,excluye_R2,2330.0,269.0,1.0,0.3199642763929936,0.12250813058362021,,
0.9997145610689387,0.8100445524503848,132,0,0,0,0,,2023,excluye_R3,2337.0,267.0,1.0,0.3266484872804501,0.12067489492503214,,
0.9978009793611619,5.226904376012966,138,0,0,0,0,,2023,excluye_R4,2330.0,265.0,1.0,0.3205695547285477,0.12254447991910987,,
0.9711295677390341,22.681247468610774,132,0,0,0,0,,2023,clase,2337.0,844.0,1.0,0.36596064542714557,0.11773700044161976,,
0.9497182757031427,27.74402592142568,132,0,0,0,0,,2023,fitness,2337.0,271.0,1.0,,,572.0,True
0.9995181590563639,1.539084649655731,133,0,0,0,0,,2023,ramas_comunes,,,,,,,
