n_mun_total,n_ramas_total,n_mun_nucleo,n_ramas_nucleo,iter_nucleo,componentes,lambda1,lambda2,lambda3,lambda4,lambda5,brecha_l2_l3,cociente_l3_l2,n_eig_mayor_0999,corr_proyeccion_nucleo,spearman_ice_diversidad,spearman_ice_logue,empates_ice_pct,n_ice_nan,spearman_ice_logpob,n_sin_poblacion,corr_ecomplexity,anio,especificacion
2447,272,2085,261,2,1,1.0000000000000004,0.35357624302303675,0.13129676143107402,0.10791865058268417,0.0858479831817391,0.22227948159196273,0.37133931937423625,1,1.0,0.8961768972295328,0.8632942466382939,2.492848385778504,0,0.7793256619086608,0,1.0,2003,base
2455,277,2205,269,2,1,1.0000000000000007,0.3439129734048932,0.1337155701718012,0.1117213775268535,0.09134360330164147,0.210197403233092,0.3888064147390454,1,1.0,0.8903765830342927,0.8702477146238631,0.0814663951120163,0,0.7987237934368946,0,1.0,2008,base
2456,276,2266,267,2,1,0.9999999999999999,0.33773548982049995,0.128176408834157,0.10755529844125668,0.09423154095690457,0.20955908098634293,0.37951714491799593,1,1.0,0.8908408219963724,0.8664480184381457,0.6107491856677525,0,0.8083303814207758,0,1.0,2013,base
2465,278,2320,269,2,1,1.0,0.33323864373692924,0.12470667546799116,0.10472505342817248,0.09121506261516901,0.20853196826893808,0.3742263324251168,1,0.9999999999999999,0.8911042340739125,0.8540270763977447,0.4462474645030426,0,0.8198190948657454,0,0.9999999999999998,2018,base
2469,278,2337,271,2,1,1.0,0.326021673724279,0.12065584488320485,0.09773906593555776,0.08533279928752298,0.20536582884107413,0.3700853489429208,1,0.9999999999999999,0.8925079354005272,0.8498460624867595,0.3645200486026731,0,0.8186343245338903,0,0.9999999999999996,2023,base
2447,272,2085,261,2,1,1.0000000000000004,0.35357624302303675,0.13129676143107402,0.10791865058268417,0.0858479831817391,0.22227948159196273,0.37133931937423625,1,1.0,0.8961768972295328,0.8632942466382939,2.492848385778504,0,0.7793256619086608,0,,2003,ramas_comunes
2455,272,2205,266,2,1,0.9999999999999998,0.3441418340772404,0.133608904201965,0.1116692794930918,0.09148947720172504,0.21053292987527542,0.38823790359639143,1,1.0,0.889965465215729,0.870164196338189,0.0814663951120163,0,0.7983307128295306,0,,2008,ramas_comunes
2456,272,2266,264,2,1,0.9999999999999998,0.3383201354313907,0.12804347521590934,0.10753070482595485,0.09427382877410183,0.2102766602154814,0.3784683848410074,1,0.9999999999999999,0.890468079678926,0.8654633877561119,0.6107491856677525,0,0.8072813988851404,0,,2013,ramas_comunes
2465,272,2320,264,2,1,0.9999999999999998,0.3313990030986625,0.12461468701287595,0.10487969906498733,0.09121659905522407,0.20678431608578654,0.37602613721736594,1,1.0,0.8909449773986524,0.8536210559491091,0.4462474645030426,0,0.8196945058242859,0,,2018,ramas_comunes
2469,272,2336,266,2,1,0.9999999999999998,0.32425196106943593,0.12064845050762547,0.09771870289224557,0.08575971482982912,0.20360351056181047,0.37208240810543497,1,1.0,0.8917013416328586,0.8489075413194213,0.3645200486026731,0,0.8180016013966285,0,,2023,ramas_comunes
