anio,especificacion,n_mun,n_ramas,componentes,lambda2,lambda3,brecha_l2_l3,n_eig_mayor_0999,spearman_ice_diversidad,empates_pct,sd_ice_raw,max_abs_ice,spearman_con_ue
2003,UE (núcleo),2085,261,1,0.35357624302303675,0.13129676143107402,0.22227948159196273,1,0.8961768972295328,0.09592326139088729,0.0018619398700760906,3.542727665082099,
2003,PBT (mismo núcleo),1895,252,1,0.4297731779978724,0.26881133554705416,0.16096184245081824,1,0.6946167267685841,16.99208443271768,0.00298040082024477,6.811925358808871,0.6986045578580692
2003,PBT (sin núcleo),1928,255,1,0.42517417264084095,0.2691846487350569,0.15598952390578408,1,0.7054259311413476,18.516597510373444,0.0029677455064868424,7.063138776358139,
2008,UE (núcleo),2205,269,1,0.3439129734048932,0.1337155701718012,0.210197403233092,1,0.8903765830342927,0.0,0.001739047366930925,3.692193942767196,
2008,PBT (mismo núcleo),2026,249,1,0.5892840513971341,0.4089587813896683,0.18032527000746584,1,-0.7707022409253154,14.264560710760119,0.01564137948765578,44.28391556414395,-0.7899509183577733
2008,PBT (sin núcleo),2052,253,1,0.5892386173237893,0.40516343103385644,0.1840751862899329,1,-0.7821310665515867,15.39961013645224,0.015543787955454162,44.568402970282946,
2013,UE (núcleo),2266,267,1,0.33773548982049995,0.128176408834157,0.20955908098634293,1,0.8908408219963724,0.1323918799646955,0.0017198974018123514,3.8025999831190216,
2013,PBT (mismo núcleo),2133,245,1,0.5419708985409768,0.43517111529305247,0.10679978324792433,1,-0.027256765772535045,12.705110173464604,0.014058143029867942,41.03343562039012,0.01892288846527072
2013,PBT (sin núcleo),2150,249,1,0.5373478008233933,0.4343742967367099,0.10297350408668338,1,0.08834016261249043,13.25581395348837,0.013984218924151184,41.24935259774003,
2018,UE (núcleo),2320,269,1,0.33323864373692924,0.12470667546799116,0.20853196826893808,1,0.8911042340739125,0.3879310344827586,0.0016934528312128186,3.4248834193324615,
2018,PBT (mismo núcleo),2192,258,1,0.4385641226228202,0.42939439682662706,0.009169725796193129,1,0.7663271089307161,10.948905109489052,0.003197269412054585,20.193194204121333,0.7877185141403006
2018,PBT (sin núcleo),2211,262,1,0.4424754775019249,0.42934107114194725,0.013134406359977646,1,0.7699863539873925,11.668928086838534,0.0029347728412622526,16.891230642996014,
2023,UE (núcleo),2337,271,1,0.326021673724279,0.12065584488320485,0.20536582884107413,1,0.8925079354005272,0.08557980316645272,0.001630350761261993,3.35551408161233,
2023,PBT (mismo núcleo),2222,261,2,1.0000000000000002,0.42320416404250494,0.5767958359574953,2,-0.6204531603814882,99.95499549954997,0.021214264175324342,47.127486671792724,-0.6477359762544193
2023,PBT (sin núcleo),2237,263,2,0.9999999999999998,0.42139147867292986,0.57860852132707,2,-0.3278369814684206,99.95529727313365,9.873988156536189e-05,47.28636167014755,
