anio,variable,municipios,pct_top1,pct_top5,pct_municipios_valor_cero
2003,ue,2447,28.571385787830717,61.44946836388249,0.0
2003,pbt,2447,63.40971363590622,92.2647710946646,21.25051082958725
2008,ue,2455,27.101338634416205,59.70552244765668,0.0
2008,pbt,2455,60.82866768865886,93.26235882521534,16.415478615071283
2013,ue,2456,26.193684563829773,58.3362504712527,0.0
2013,pbt,2456,59.16836381039558,91.87141060044159,12.45928338762215
2018,ue,2465,24.809542687874583,56.672125515894585,0.0
2018,pbt,2465,52.88075456429623,89.4055081284666,10.304259634888439
2023,ue,2469,23.9300279069087,54.853150408362566,0.0
2023,pbt,2469,51.39512916747584,87.16092497099017,9.396516808424463
