anio,cve_mun,nombre,tipo,motivo
2003,07058,Nicolás Ruíz,"en catálogo, sin UE en SAIC",sin unidades económicas registradas en el censo
2003,12079,José Joaquín de Herrera,"con UE, fuera del catálogo",creado entre el catálogo y el levantamiento censal
2003,15125,Tonanitla,"con UE, fuera del catálogo",creado entre el catálogo y el levantamiento censal
2008,12078,Cochoapa el Grande,alta respecto al censo anterior,municipio de nueva creación
2008,12080,Juchitán,alta respecto al censo anterior,municipio de nueva creación
2008,12081,Iliatenco,alta respecto al censo anterior,municipio de nueva creación
2008,14125,San Ignacio Cerro Gordo,alta respecto al censo anterior,municipio de nueva creación
2008,23009,Tulum,alta respecto al censo anterior,municipio de nueva creación
2008,30211,San Rafael,alta respecto al censo anterior,municipio de nueva creación
2008,30212,Santiago Sochiapan,alta respecto al censo anterior,municipio de nueva creación
2008,32058,Santa María de la Paz,alta respecto al censo anterior,municipio de nueva creación
2013,23010,Bacalar,alta respecto al censo anterior,municipio de nueva creación
2018,07058,Nicolás Ruíz,alta respecto al censo anterior,reaparece con UE registradas (existía; sin UE en el censo anterior)
2018,07120,Capitán Luis Ángel Vidal,alta respecto al censo anterior,municipio de nueva creación
2018,07121,Rincón Chamula San Pedro,alta respecto al censo anterior,municipio de nueva creación
2018,07122,El Parral,alta respecto al censo anterior,municipio de nueva creación
2018,07123,Emiliano Zapata,alta respecto al censo anterior,municipio de nueva creación
2018,07124,Mezcalapa,alta respecto al censo anterior,municipio de nueva creación
2018,17034,Coatetelco,alta respecto al censo anterior,municipio de nueva creación
2018,17035,Xoxocotla,alta respecto al censo anterior,municipio de nueva creación
2018,23011,Puerto Morelos,alta respecto al censo anterior,municipio de nueva creación
2023,07006,Amatenango de la Frontera,"en catálogo, sin UE en SAIC",sin unidades económicas registradas en el censo
2023,07010,Bejucal de Ocampo,"en catálogo, sin UE en SAIC",sin unidades económicas registradas en el censo
2023,07011,Bella Vista,"en catálogo, sin UE en SAIC",sin unidades económicas registradas en el censo
2023,07036,La Grandeza,"en catálogo, sin UE en SAIC",sin unidades económicas registradas en el censo
2023,07120,Capitán Luis Ángel Vidal,"en catálogo, sin UE en SAIC",sin unidades económicas registradas en el censo
2023,07125,Honduras de la Sierra,"en catálogo, sin UE en SAIC",sin unidades económicas registradas en el censo
2023,02006,San Quintín,alta respecto al censo anterior,municipio de nueva creación
2023,02007,San Felipe,alta respecto al censo anterior,municipio de nueva creación
2023,04012,Seybaplaya,alta respecto al censo anterior,municipio de nueva creación
2023,04013,Dzitbalché,alta respecto al censo anterior,municipio de nueva creación
2023,12082,Las Vigas,alta respecto al censo anterior,municipio de nueva creación
2023,12083,Ñuu Savi,alta respecto al censo anterior,municipio de nueva creación
2023,12084,Santa Cruz del Rincón,alta respecto al censo anterior,municipio de nueva creación
2023,12085,San Nicolás,alta respecto al censo anterior,municipio de nueva creación
2023,17036,Hueyapan,alta respecto al censo anterior,municipio de nueva creación
2023,07006,Amatenango de la Frontera,baja respecto al censo anterior,sin unidades económicas registradas en este censo
2023,07010,Bejucal de Ocampo,baja respecto al censo anterior,sin unidades económicas registradas en este censo
2023,07011,Bella Vista,baja respecto al censo anterior,sin unidades económicas registradas en este censo
2023,07036,La Grandeza,baja respecto al censo anterior,sin unidades económicas registradas en este censo
2023,07120,Capitán Luis Ángel Vidal,baja respecto al censo anterior,sin unidades económicas registradas en este censo
